unique_id,year,state_po,county_name,votemargin_DR,proportion_explained_by_DR,delta_2012_16,delta_2016_20,abs_delta_2012_16,abs_delta_2016_20,margin_2012,margin_2016,margin_2020,totalvotes,Education,Immigration,Income,Unemployment,Marital
2020_01019,2020,AL,CHEROKEE,-72.8,99.2,-14,-3.8,14,3.8,-55,-69,-72.8,12301,12.9,1.9,16.2,2,23.1
2020_01037,2020,AL,COOSA,-33.5,99.1,-14.2,-3,14.2,3,-16.3,-30.4,-33.5,5479,11.6,0.5,17,1.2,33.9
2020_01059,2020,AL,FRANKLIN,-65.9,99.1,-19.9,-5.5,19.9,5.5,-40.5,-60.4,-65.9,12578,15,9.1,15.1,2.7,32.1
2020_01071,2020,AL,JACKSON,-67.5,98.9,-20.1,-5.5,20.1,5.5,-41.9,-61.9,-67.5,23636,16.2,1.5,16.3,2.6,25.4
2020_01075,2020,AL,LAMAR,-72.2,99.4,-15.5,-3.5,15.5,3.5,-53.2,-68.7,-72.2,7193,11.3,0.8999999999999999,16.3,2.6,25
2020_01079,2020,AL,LAWRENCE,-54.6,99.1,-21.6,-6.1,21.6,6.1,-27,-48.6,-54.6,16031,15.8,0.8,19.9,1.9,26.5
2020_01111,2020,AL,RANDOLPH,-58.7,99.3,-13.3,-5.5,13.3,5.5,-39.9,-53.1,-58.7,10837,17.1,1.6,18.3,2,31.6
2020_01129,2020,AL,WASHINGTON,-48.5,99.4,-11.3,-5.5,11.3,5.5,-31.7,-43,-48.5,8876,14.4,1.3,16.1,3.1,32.3
2020_02013,2020,AK,DISTRICT 13,-25.7,94.9,-24.4,10.1,24.4,10.1,-11.4,-35.9,-25.7,7713,16.6,27.800000000000004,42.9,2.9,41.3
2020_02016,2020,AK,DISTRICT 16,9.3,96,-14.6,8.1,14.6,8.1,15.8,1.2,9.3,8118,17,42,52.2,3.3,36.9
2020_02020,2020,AK,DISTRICT 20,33.3,96.9,45.9,5.8,45.9,5.8,-18.4,27.5,33.3,7497,36.6,10.8,50.1,3.5,38
2020_04011,2020,AZ,GREENLEE,-33.9,98.1,-15,-9.5,15,9.5,-9.5,-24.5,-33.9,3685,16.8,2.6,35.3,1.6,34.4
2020_04027,2020,AZ,YUMA,-6.2,98.4,11.6,-5.1,11.6,5.1,-12.6,-1.1,-6.2,69881,15.4,26.700000000000003,21.2,4.5,33
2020_05003,2020,AR,ASHLEY,-43.2,96.8,-10.9,-6.9,10.9,6.9,-25.4,-36.2,-43.2,7926,12.2,2.5,17.1,2.2,23.7
2020_05021,2020,AR,CLAY,-60.3,97.4,-20.6,-10.6,20.6,10.6,-29.1,-49.7,-60.3,5183,13.6,0.7000000000000001,12.5,3.2,25.5
2020_05049,2020,AR,FULTON,-57.2,97.6,-17.3,-6.8,17.3,6.8,-33.1,-50.4,-57.2,5119,13.2,1.3,10.4,2.2,18.8
2020_05055,2020,AR,GREENE,-59.7,97.7,-15.5,-7.3,15.5,7.3,-36.9,-52.4,-59.7,16100,17.3,0.7000000000000001,22.3,4.4,24.3
2020_05059,2020,AR,HOT SPRING,-48.7,97.8,-13,-6.7,13,6.7,-29,-42.1,-48.7,12557,15.3,1,19.3,2.9,26.9
2020_05065,2020,AR,IZARD,-62.1,97.3,-14.9,-8.4,14.9,8.4,-38.9,-53.8,-62.1,5810,14.5,0.7000000000000001,16.400000000000002,4.5,27.9
2020_05067,2020,AR,JACKSON,-43.8,97.4,-14.4,-11.1,14.4,11.1,-18.3,-32.7,-43.8,5091,11.7,0.6,12.5,4.8,29.2
2020_05071,2020,AR,JOHNSON,-49,97.1,-12.2,-8.8,12.2,8.8,-28,-40.2,-49,9498,16.5,8.9,13.7,2.1,27.9
2020_05075,2020,AR,LAWRENCE,-59.6,96.4,-17.7,-10.3,17.7,10.3,-31.6,-49.3,-59.6,5857,14.4,0.8999999999999999,14.7,4.2,28.5
2020_05079,2020,AR,LINCOLN,-43.8,97.1,-10.7,-12.4,10.7,12.4,-20.8,-31.4,-43.8,3875,8.5,1.9,19.4,0.5,47.5
2020_05087,2020,AR,MADISON,-55.7,98.2,-15.9,-6.9,15.9,6.9,-32.9,-48.8,-55.7,7351,12.1,2.8000000000000003,15.3,4.1,26.6
2020_05097,2020,AR,MONTGOMERY,-59.8,97.5,-10.7,-6.5,10.7,6.5,-42.6,-53.2,-59.8,3873,15.1,2.6,15.1,3.5,20.4
2020_05101,2020,AR,NEWTON,-62.1,97.6,-16.6,-4.1,16.6,4.1,-41.4,-58,-62.1,3998,15.9,0.2,13.8,2.3,22.7
2020_05111,2020,AR,POINSETT,-59.8,97.6,-12.7,-12.8,12.7,12.8,-34.2,-46.9,-59.8,7521,11.5,1.2,14.7,2.5,28.8
2020_05121,2020,AR,RANDOLPH,-60.8,96.4,-20.6,-12.4,20.6,12.4,-27.8,-48.3,-60.8,6812,13.8,3.5999999999999996,16.5,2.2,24.3
2020_05127,2020,AR,SCOTT,-69.8,97,-13,-9.2,13,9.2,-47.6,-60.7,-69.8,3551,12.1,3,16.3,3.3,21
2020_05129,2020,AR,SEARCY,-69.1,98.4,-12.1,-6,12.1,6,-51,-63.1,-69.1,4019,10.9,0.7000000000000001,10.2,1.8,21.2
2020_05135,2020,AR,SHARP,-60,97,-15.4,-5.7,15.4,5.7,-38.8,-54.3,-60,7566,10.5,0.7000000000000001,10.6,2.4,23
2020_05141,2020,AR,VAN BUREN,-56.9,97.7,-12.8,-4.7,12.8,4.7,-39.4,-52.2,-56.9,7807,15.8,1.5,14.499999999999998,3.2,21.4
2020_05147,2020,AR,WOODRUFF,-27.7,96.9,-13.1,-18.8,13.1,18.8,4.2,-8.9,-27.7,2476,15.1,0.1,14.499999999999998,3.3,18.4
2020_06041,2020,CA,MARIN,66.5,98.1,11.1,4.1,11.1,4.1,51.3,62.4,66.5,155830,60.2,18.3,79.60000000000001,2.9,30.3
2020_06073,2020,CA,SAN DIEGO,22.8,97.7,12.2,3,12.2,3,7.6,19.7,22.8,1602143,39.5,22.9,48.2,3.9,40.4
2020_06083,2020,CA,SANTA BARBARA,32.1,97.7,10.6,3.3,10.6,3.3,18.1,28.7,32.1,200339,35,22.7,45.4,3.6,42.8
2020_06111,2020,CA,VENTURA,21.1,97.8,10.6,3.4,10.6,3.4,7,17.6,21.1,422825,33.9,21.3,53.7,3.3,38.4
2020_08011,2020,CO,BENT,-33.9,98.3,-17.6,-2.9,17.6,2.9,-13.4,-31,-33.9,2274,15.1,3.9,12.7,1.5,38.7
2020_08021,2020,CO,CONEJOS,-7.5,98,-12.8,-4,12.8,4,9.2,-3.6,-7.5,4333,25.5,2.1999999999999997,9.1,5.5,33.5
2020_08033,2020,CO,DOLORES,-51.6,98.7,-13.8,4.3,13.8,4.3,-42.2,-55.9,-51.6,1449,26.1,1.1,27.6,2,26.5
2020_08043,2020,CO,FREMONT,-39.7,97.4,-13,5,13,5,-31.7,-44.7,-39.7,25557,18.5,2.6,24.1,2.1,32
2020_08047,2020,CO,GILPIN,9.3,96.9,-14.5,7.4,14.5,7.4,16.4,1.9,9.3,4186,44.3,4.1000000000000005,54.7,1.4,27
2020_08055,2020,CO,HUERFANO,-2.9,97.1,-14.9,3.7,14.9,3.7,8.3,-6.6,-2.9,4406,23.6,2.3,14.4,1,28.4
2020_08065,2020,CO,LAKE,20.3,95.9,-13.6,9.5,13.6,9.5,24.4,10.8,20.3,3961,40.3,10,34.9,2.5,34.1
2020_08071,2020,CO,LAS ANIMAS,-9.9,97.7,-18.3,5.7,18.3,5.7,2.7,-15.6,-9.9,7961,20,3.3000000000000003,17.5,4.2,30.4
2020_08081,2020,CO,MOFFAT,-63.6,97.8,-13.4,4.3,13.4,4.3,-54.6,-67.9,-63.6,7026,21.5,7.199999999999999,25.9,3.2,32.2
2020_08093,2020,CO,PARK,-17,96.8,-11.4,9.1,11.4,9.1,-14.7,-26.1,-17,12291,32.6,1.2,43.5,3.5,22.9
2020_08109,2020,CO,SAGUACHE,13.9,97.3,-21.2,4.4,21.2,4.4,30.7,9.5,13.9,3389,22.4,7.000000000000001,18.4,5.8,28
2020_09011,2020,CT,NEW LONDON,16,97.8,-11.6,9.4,11.6,9.4,18.3,6.7,16,139604,34.4,8.6,42.9,3.3,36.1
2020_09015,2020,CT,WINDHAM,-4.3,97.8,-21.1,3.5,21.1,3.5,13.3,-7.8,-4.3,57082,23.7,4.7,36.1,4.5,37
2020_12013,2020,FL,CALHOUN,-62.3,99.3,-12.2,-6.1,12.2,6.1,-43.9,-56.1,-62.3,6526,9.1,2.6,12.6,1.7,39.9
2020_12027,2020,FL,DESOTO,-32,99.3,-13.4,-4.3,13.4,4.3,-14.3,-27.7,-32,12659,12.2,14.8,11.3,4.1,40.8
2020_12029,2020,FL,DIXIE,-66,99.5,-16.3,-2.8,16.3,2.8,-46.9,-63.2,-66,8167,9.5,2.7,15.5,1.6,31.4
2020_12043,2020,FL,GLADES,-46.2,99.5,-21.1,-6.5,21.1,6.5,-18.6,-39.6,-46.2,5193,11.5,10.2,14.000000000000002,3.8,35.9
2020_12047,2020,FL,HAMILTON,-31.8,99.1,-11.4,-3.6,11.4,3.6,-16.8,-28.2,-31.8,5830,8.2,4.6,12.8,3.6,51.5
2020_12077,2020,FL,LIBERTY,-60.4,99.4,-16,-3,16,3,-41.4,-57.4,-60.4,3561,13.6,3.2,13.5,3.2,46.3
2020_12079,2020,FL,MADISON,-19.5,99.4,-12.2,-3.9,12.2,3.9,-3.4,-15.6,-19.5,9380,13.8,4.6,10.4,1.8,44.1
2020_12093,2020,FL,OKEECHOBEE,-44.4,99.4,-19.5,-4.8,19.5,4.8,-20.1,-39.5,-44.4,15954,14.3,11.6,19.1,2.6,36.9
2020_12107,2020,FL,PUTNAM,-41.2,99.1,-11.9,-4.8,11.9,4.8,-24.5,-36.4,-41.2,36373,13.6,4.2,14.2,4.1,32.7
2020_12125,2020,FL,UNION,-65.3,99.1,-13.4,-2.9,13.4,2.9,-49,-62.4,-65.3,6245,10.5,2.3,26.3,1,41.7
2020_13055,2020,GA,CHATTOOGA,-61.8,98.7,-17.6,-3,17.6,3,-41.2,-58.8,-61.8,10050,9.7,3.2,12.1,2.3,38
2020_13065,2020,GA,CLINCH,-47.4,99.6,-12.2,-5,12.2,5,-30.2,-42.4,-47.4,2864,10.8,2.4,13.3,1.6,33.9
2020_13067,2020,GA,COBB,14.3,98.4,14.6,12.1,14.6,12.1,-12.4,2.2,14.3,393746,48.4,15.6,46.9,3.3,36
2020_13113,2020,GA,FAYETTE,-6.8,98.6,12,12.5,12,12.5,-31.3,-19.3,-6.8,71993,46.8,10.2,57.3,2.6,27.4
2020_13117,2020,GA,FORSYTH,-33.2,98.5,15.6,14,15.6,14,-62.8,-47.2,-33.2,129305,54.8,18.3,72.5,2.3,24.4
2020_13121,2020,GA,FULTON,46.5,98.8,11.8,4.9,11.8,4.9,29.8,41.6,46.5,524659,54.5,13.4,40.400000000000006,4,46.9
2020_13135,2020,GA,GWINNETT,18.2,98.6,15.1,12.4,15.1,12.4,-9.2,5.8,18.2,413865,37.4,25.3,40.5,2.8,36.2
2020_13197,2020,GA,MARION,-26.6,99,-12.1,-4.4,12.1,4.4,-10.1,-22.2,-26.6,3624,13.4,3.8,24.2,3.3,31.3
2020_13201,2020,GA,MILLER,-46.5,99.3,-11.9,3.4,11.9,3.4,-37.9,-49.8,-46.5,2835,18.6,0.4,22,3.8,30
2020_13269,2020,GA,TAYLOR,-26.9,99.1,-11.9,-4.3,11.9,4.3,-10.6,-22.5,-26.9,3839,12.5,3,5,2.4,32.4
2020_13307,2020,GA,WEBSTER,-7.8,99.8,-12.5,6.2,12.5,6.2,-1.6,-14.1,-7.8,1390,11,5.3,7.5,3,28.7
2020_15007,2020,HI,KAUAI,28.8,97.9,-15.6,-4.9,15.6,4.9,49.3,33.7,28.8,33497,28.5,15.9,48.5,2.3,35.3
2020_15009,2020,HI,MAUI,35.4,97.7,-11.7,-3.1,11.7,3.1,50.3,38.6,35.4,71044,28.3,18.3,49.7,3.4,35.7
2020_16007,2020,ID,BEAR LAKE,-77.3,98.5,11,-10.8,11,10.8,-77.5,-66.5,-77.3,3315,18.3,2.4,24.5,2.2,19.1
2020_16019,2020,ID,BONNEVILLE,-43.6,96.4,11.6,-3.4,11.6,3.4,-51.8,-40.2,-43.6,53995,30.9,4.9,31.4,2.5,29
2020_16021,2020,ID,BOUNDARY,-58.9,97.5,-13.2,-3.6,13.2,3.6,-42.1,-55.3,-58.9,6313,18,4,18.4,1.4,25.9
2020_16031,2020,ID,CASSIA,-66.9,97.3,12.1,-6.8,12.1,6.8,-72.1,-60.1,-66.9,9629,19.4,9,24,2.1,27.3
2020_16041,2020,ID,FRANKLIN,-77.9,97.6,23,-13.9,23,13.9,-87,-63.9,-77.9,6664,17.1,2.3,30.2,0.3,25.7
2020_16065,2020,ID,MADISON,-63.7,94.8,38.2,-14.3,38.2,14.3,-87.5,-49.3,-63.7,17112,38.6,4.6,17.7,5,33.2
2020_16071,2020,ID,ONEIDA,-77.5,97.8,12.5,-12.3,12.5,12.3,-77.6,-65.1,-77.5,2451,22.2,4,25.8,0.4,18.2
2020_16079,2020,ID,SHOSHONE,-41.7,97.7,-29.2,-4.3,29.2,4.3,-8.2,-37.4,-41.7,6049,10.6,1.2,14.6,4.6,27.2
2020_16081,2020,ID,TETON,7.2,97.3,11.6,7.4,11.6,7.4,-11.8,-0.2,7.2,6347,41.4,7.9,40.8,3.8,31.4
2020_17003,2020,IL,ALEXANDER,-14.2,99.3,-21.9,-6,21.9,6,13.7,-8.2,-14.2,2618,11.5,0.3,9.9,3.4,30.7
2020_17005,2020,IL,BOND,-41,97.2,-22.8,-3.5,22.8,3.5,-14.7,-37.5,-41,8145,21.7,1.5,25.1,1.3,37.1
2020_17013,2020,IL,CALHOUN,-49.4,98.2,-24.2,-11.2,24.2,11.2,-14,-38.2,-49.4,2772,15.7,0.8,35.5,2.4,32.1
2020_17017,2020,IL,CASS,-37.8,98.6,-17.7,-6.7,17.7,6.7,-13.5,-31.1,-37.8,5317,16,11.6,25.3,4.1,28.8
2020_17019,2020,IL,CHAMPAIGN,22.9,97.1,11.3,4.6,11.3,4.6,7,18.3,22.9,95142,45,12.3,25.4,3,49.5
2020_17023,2020,IL,CLARK,-50.7,98.4,-14.8,-3.4,14.8,3.4,-32.5,-47.2,-50.7,8356,21.8,0.5,29.799999999999997,2.5,22.9
2020_17043,2020,IL,DUPAGE,18.1,97.9,13.4,3.6,13.4,3.6,1.1,14.5,18.1,485104,50.3,19.4,58.2,3,32.6
2020_17045,2020,IL,EDGAR,-52.5,98.6,-16.1,-3.6,16.1,3.6,-32.8,-48.9,-52.5,8196,18,1.2,21,2.7,25.1
2020_17051,2020,IL,FAYETTE,-61.9,98.3,-23.4,-4,23.4,4,-34.5,-57.9,-61.9,10056,12.4,1.7000000000000002,18.7,2.3,36.1
2020_17057,2020,IL,FULTON,-20.2,98.2,-26,-5.2,26,5.2,11,-14.9,-20.2,16678,18.3,1.2,24,3.8,37.1
2020_17059,2020,IL,GALLATIN,-52.2,98.8,-29.5,-4.8,29.5,4.8,-18,-47.5,-52.2,2674,11.5,0.3,16.7,4.6,23.5
2020_17071,2020,IL,HENDERSON,-33.1,98.2,-40.7,-4.7,40.7,4.7,12.2,-28.4,-33.1,3647,17.5,1.3,26.8,3.8,21.4
2020_17079,2020,IL,JASPER,-62.5,98.7,-18.2,-3.1,18.2,3.1,-41.2,-59.4,-62.5,5576,18.8,0.8,26.9,2.8,27.5
2020_17097,2020,IL,LAKE,24.1,98,11.9,3.9,11.9,3.9,8.3,20.2,24.1,334177,46.1,18.7,56.39999999999999,3.6,33.9
2020_17121,2020,IL,MARION,-46.7,98.5,-24.7,-2.8,24.7,2.8,-19.2,-43.9,-46.7,17458,16.2,1.1,22.1,5.3,30.8
2020_17125,2020,IL,MASON,-39.4,98.1,-25.2,-7.9,25.2,7.9,-6.3,-31.5,-39.4,6766,16.5,0.7000000000000001,22.9,3.5,28.2
2020_17131,2020,IL,MERCER,-24,97.8,-27.8,-3.7,27.8,3.7,7.4,-20.4,-24,8893,18,2.1999999999999997,28.000000000000004,2.5,25.4
2020_17149,2020,IL,PIKE,-61,98.3,-22.2,-3.3,22.2,3.3,-35.4,-57.6,-61,7949,15.6,0.5,19.5,3.1,31
2020_17153,2020,IL,PULASKI,-30.8,98.7,-20.2,-4.7,20.2,4.7,-5.8,-26.1,-30.8,2624,11.7,0.7000000000000001,12,2.9,31.5
2020_17157,2020,IL,RANDOLPH,-50.3,98.5,-28.8,-3.9,28.8,3.9,-17.6,-46.4,-50.3,14891,12.9,1.9,26.5,2.3,40.9
2020_17161,2020,IL,ROCK ISLAND,12.1,97.8,-13.6,3.8,13.6,3.8,21.9,8.3,12.1,66758,23.8,7.8,27,3.6,34.1
2020_17169,2020,IL,SCHUYLER,-43.7,98.3,-29.1,-5.8,29.1,5.8,-8.8,-37.9,-43.7,3906,20.5,1.5,23.3,3.8,35.3
2020_17173,2020,IL,SHELBY,-57.2,98.6,-20.3,-3.3,20.3,3.3,-33.7,-54,-57.2,12097,16.6,1.1,29.5,2.5,24.6
2020_17175,2020,IL,STARK,-41.2,97.8,-21.2,-3.8,21.2,3.8,-16.3,-37.4,-41.2,2883,18.3,1.7000000000000002,25.3,1.8,28.2
2020_17183,2020,IL,VERMILION,-32.9,98.3,-16.4,-3.3,16.4,3.3,-13.2,-29.6,-32.9,31584,15.5,2,19.7,3.2,36.7
2020_17187,2020,IL,WARREN,-20.1,98.2,-22,-3.6,22,3.6,5.5,-16.5,-20.1,7909,22.7,5.2,25.6,5.4,32.3
2020_17199,2020,IL,WILLIAMSON,-37.4,98.1,-15.9,3.4,15.9,3.4,-24.9,-40.8,-37.4,33653,25.6,1.7000000000000002,23.9,3.1,31.7
2020_18019,2020,IN,CLARK,-18.3,98.1,-12.1,3.7,12.1,3.7,-9.8,-22,-18.3,57869,20.7,3.8,27.9,2.7,33.2
2020_18025,2020,IN,CRAWFORD,-43,97.9,-28.6,-6.2,28.6,6.2,-8.3,-36.8,-43,4944,10.5,0.2,15.6,1.5,27.9
2020_18041,2020,IN,FAYETTE,-54.4,98.6,-31.3,-6.3,31.3,6.3,-16.9,-48.1,-54.4,10136,14.8,0.8999999999999999,20.200000000000003,2.5,27.4
2020_18057,2020,IN,HAMILTON,-6.8,97.9,14.8,12.7,14.8,12.7,-34.3,-19.5,-6.8,193999,59.4,8.7,61.4,2,26.5
2020_18073,2020,IN,JASPER,-49,98.1,-19.8,-3.8,19.8,3.8,-25.5,-45.2,-49,15475,15.1,2.4,31.7,2.8,31.3
2020_18075,2020,IN,JAY,-52.4,97.9,-27.7,-4.7,27.7,4.7,-20,-47.7,-52.4,8461,12.5,1.3,18.9,2,31.4
2020_18079,2020,IN,JENNINGS,-56.9,98.1,-30.1,-4.3,30.1,4.3,-22.4,-52.6,-56.9,12251,12.8,1.1,31.5,2.1,29.3
2020_18095,2020,IN,MADISON,-22.6,98,-21.1,3,21.1,3,-4.5,-25.6,-22.6,51793,18.3,1.7999999999999998,23.4,3.1,32.7
2020_18111,2020,IN,NEWTON,-52.1,97.9,-27,-6,27,6,-19.1,-46.1,-52.1,6591,11.9,3.5999999999999996,28.499999999999996,4.3,29.6
2020_18115,2020,IN,OHIO,-45.1,88.5,-21.9,4,21.9,4,-27.1,-49,-45.1,3075,14.4,1,33.1,1.1,24.5
2020_18121,2020,IN,PARKE,-55.6,98.4,-19.4,-3.6,19.4,3.6,-32.6,-52,-55.6,7013,12.5,1,26.9,2.3,22.3
2020_18123,2020,IN,PERRY,-24.6,98,-30.1,-6,30.1,6,11.6,-18.5,-24.6,8722,16,0.8,23.4,1.9,32.9
2020_18135,2020,IN,RANDOLPH,-52.4,97.8,-24.5,-3.9,24.5,3.9,-24,-48.5,-52.4,11070,16.4,2.1,24.9,2.9,26.6
2020_18143,2020,IN,SCOTT,-45.5,98.7,-31.5,-7.8,31.5,7.8,-6.2,-37.7,-45.5,10167,13.2,0.8,18.3,2.4,35.8
2020_18149,2020,IN,STARKE,-46.8,98.3,-31.4,-4.8,31.4,4.8,-10.6,-42,-46.8,10290,11.6,1.7000000000000002,22,3,28.7
2020_18153,2020,IN,SULLIVAN,-50.5,98.3,-26.4,-3.4,26.4,3.4,-20.6,-47,-50.5,8994,12.7,1.1,21.8,2.2,33.8
2020_18155,2020,IN,SWITZERLAND,-52.2,98.6,-31.2,-8.2,31.2,8.2,-12.8,-44,-52.2,4154,9.4,1.9,23.200000000000003,3.1,27.9
2020_18161,2020,IN,UNION,-56,98.3,-20.2,-3.5,20.2,3.5,-32.4,-52.6,-56,3483,19.2,2.1999999999999997,26.4,1.8,26.4
2020_18165,2020,IN,VERMILLION,-40.6,98,-28.3,-5.6,28.3,5.6,-6.8,-35,-40.6,7481,15.7,1,25.7,4.7,26.7
2020_18175,2020,IN,WASHINGTON,-52.1,98,-24.5,-3.2,24.5,3.2,-24.4,-49,-52.1,12139,12.4,0.8,22.6,2.5,27.9
2020_19001,2020,IA,ADAIR,-41.3,98.6,-26.7,-6.4,26.7,6.4,-8.1,-34.8,-41.3,4177,19.5,1.7000000000000002,26.8,3.8,24.9
2020_19003,2020,IA,ADAMS,-43.8,98.4,-35.7,-4.3,35.7,4.3,-3.7,-39.4,-43.8,2160,17.3,0.8999999999999999,24,2.1,22.9
2020_19005,2020,IA,ALLAMAKEE,-29.2,98.6,-28.3,-5.1,28.3,5.1,4.2,-24.2,-29.2,7422,18.2,4.3,26.6,1.8,29.4
2020_19007,2020,IA,APPANOOSE,-40.4,98.4,-32.8,-4.2,32.8,4.2,-3.4,-36.2,-40.4,6516,18.4,0.6,13.900000000000002,3.5,29.6
2020_19009,2020,IA,AUDUBON,-35.9,98.5,-25.4,-5,25.4,5,-5.5,-30.9,-35.9,3420,18.8,0.4,21.6,0.8,23.8
2020_19019,2020,IA,BUCHANAN,-21,98.4,-28.9,-6,28.9,6,13.9,-15,-21,10774,22.1,0.7000000000000001,36,2,29
2020_19027,2020,IA,CARROLL,-38,99,-25.4,-6.5,25.4,6.5,-6.1,-31.6,-38,11335,23.4,2,29.6,1.3,31.5
2020_19037,2020,IA,CHICKASAW,-31.5,98.9,-34,-8.6,34,8.6,11.1,-22.9,-31.5,6631,17.8,2,31.2,1.5,27.3
2020_19039,2020,IA,CLARKE,-36.1,98.9,-29.5,-8.1,29.5,8.1,1.5,-28,-36.1,4670,15.9,7.000000000000001,26.3,1.3,26.2
2020_19041,2020,IA,CLAY,-39,98.3,-23.7,3.1,23.7,3.1,-18.4,-42.1,-39,8969,23.9,2,23.200000000000003,3,27.7
2020_19043,2020,IA,CLAYTON,-29,98.6,-29.8,-6.2,29.8,6.2,7,-22.8,-29,9594,17.1,2.6,27.4,1.4,29.9
2020_19045,2020,IA,CLINTON,-10.5,98.1,-28,-5.4,28,5.4,22.8,-5.1,-10.5,24687,19.3,1.5,24,2.6,31.9
2020_19051,2020,IA,DAVIS,-49.3,98.7,-28.6,-4.3,28.6,4.3,-16.4,-45,-49.3,4102,18.7,1.4,36.3,1.9,25.8
2020_19053,2020,IA,DECATUR,-39.4,98.3,-25.3,-10.1,25.3,10.1,-4.1,-29.3,-39.4,3804,26.5,2.4,20.7,2.4,34.2
2020_19055,2020,IA,DELAWARE,-35.3,98.4,-29.4,-5.7,29.4,5.7,-0.2,-29.6,-35.3,10003,17.4,0.7000000000000001,33.300000000000004,1.2,25.4
2020_19065,2020,IA,FAYETTE,-23,98.3,-31.3,-3.6,31.3,3.6,12,-19.4,-23,10186,18.3,1.3,22.1,1.4,30.8
2020_19067,2020,IA,FLOYD,-19.6,98.6,-29.5,-4.8,29.5,4.8,14.6,-14.8,-19.6,8032,19.6,3.5999999999999996,23.6,1.6,25.5
2020_19073,2020,IA,GREENE,-28.9,98.8,-23.3,-5.5,23.3,5.5,-0.1,-23.4,-28.9,5057,19.8,2,23.1,2.8,24.9
2020_19077,2020,IA,GUTHRIE,-36,98.3,-22.7,-3,22.7,3,-10.2,-33,-36,6371,20,1.5,32.300000000000004,2.5,22.5
2020_19079,2020,IA,HAMILTON,-26.9,98.5,-19.9,-4.4,19.9,4.4,-2.6,-22.6,-26.9,7943,24,4.3,30.4,1.9,26.9
2020_19081,2020,IA,HANCOCK,-44,98.6,-27.3,-3.3,27.3,3.3,-13.4,-40.7,-44,6172,22.1,1.7000000000000002,31.8,1.4,25.2
2020_19083,2020,IA,HARDIN,-32.1,98.3,-22.2,-3.2,22.2,3.2,-6.7,-28.9,-32.1,8989,21.5,2.6,26.1,1.7,33.3
2020_19089,2020,IA,HOWARD,-27.5,98.9,-41.4,-7,41.4,7,20.9,-20.5,-27.5,4958,18.6,1.4,27.6,1.6,27.2
2020_19097,2020,IA,JACKSON,-26.3,98.7,-36.2,-7,36.2,7,16.9,-19.3,-26.3,11135,19.7,1.1,29.4,3.5,28.5
2020_19099,2020,IA,JASPER,-21.7,98.4,-25.2,-3.6,25.2,3.6,7.1,-18.1,-21.7,20184,19.2,2.4,29.799999999999997,2.2,28.3
2020_19107,2020,IA,KEOKUK,-45.2,98.5,-30.8,-4.1,30.8,4.1,-10.3,-41.1,-45.2,5303,18.4,1,23.799999999999997,2.4,29.5
2020_19109,2020,IA,KOSSUTH,-39.5,98.8,-24,-3.4,24,3.4,-12.2,-36.1,-39.5,9090,18.2,1.7000000000000002,27.1,2.3,27.6
2020_19111,2020,IA,LEE,-19.5,97.7,-31.5,-3.5,31.5,3.5,15.5,-16,-19.5,16734,18.5,1.2,23.9,3.1,30.3
2020_19115,2020,IA,LOUISA,-33.4,98.1,-29,-5,29,5,0.6,-28.4,-33.4,5332,16.9,9.3,32.6,2.6,30
2020_19117,2020,IA,LUCAS,-43.4,98.9,-31.4,-5.8,31.4,5.8,-6.2,-37.6,-43.4,4630,16.6,2.9000000000000004,25.4,2,23.7
2020_19121,2020,IA,MADISON,-34.5,98.3,-19.1,-3.5,19.1,3.5,-11.9,-31.1,-34.5,9824,25.3,0.8,39.7,2.2,20.4
2020_19125,2020,IA,MARION,-34,98.3,-17.6,-3.3,17.6,3.3,-13.1,-30.8,-34,19232,30.8,1.9,33.5,1.6,27.6
2020_19131,2020,IA,MITCHELL,-28,98.5,-27.4,-4,27.4,4,3.4,-24,-28,5822,22.1,1.1,30.4,1,28.6
2020_19135,2020,IA,MONROE,-46.5,99.2,-33.2,-5.5,33.2,5.5,-7.7,-40.9,-46.5,4088,19.9,0.7000000000000001,29.799999999999997,3.2,23.8
2020_19137,2020,IA,MONTGOMERY,-39.1,98.5,-20.6,3,20.6,3,-21.5,-42.1,-39.1,5327,19.8,0.6,26.8,2.1,29.2
2020_19141,2020,IA,O'BRIEN,-57,98.5,-15,2.9,15,2.9,-44.9,-59.9,-57,7551,21.8,2.9000000000000004,28.000000000000004,1.2,28.1
2020_19151,2020,IA,POCAHONTAS,-49.7,98.5,-23.3,-4.7,23.3,4.7,-21.7,-45,-49.7,3823,15.9,3.1,25.1,2.6,26
2020_19155,2020,IA,POTTAWATTAMIE,-17,98.2,-16.1,4.3,16.1,4.3,-5.2,-21.3,-17,45744,21.9,3.9,30.1,2.8,34.9
2020_19157,2020,IA,POWESHIEK,-13.5,98.4,-15.9,-7,15.9,7,9.4,-6.5,-13.5,10140,28.1,2.6,25.3,3.3,33.6
2020_19159,2020,IA,RINGGOLD,-46.6,98.9,-32.6,-7,32.6,7,-7,-39.6,-46.6,2714,19.6,1,27,1.8,29
2020_19173,2020,IA,TAYLOR,-53.1,99,-30.6,-8.4,30.6,8.4,-14.1,-44.7,-53.1,3249,14.8,4.3,28.4,1.8,24.7
2020_19175,2020,IA,UNION,-31.7,98.4,-31.3,-4.3,31.3,4.3,3.9,-27.5,-31.7,6185,22.4,1.7000000000000002,22.5,2.9,26.8
2020_19177,2020,IA,VAN BUREN,-52.6,98.8,-28.7,-5.4,28.7,5.4,-18.5,-47.2,-52.6,3791,16.4,1.5,22.1,2.7,23.9
2020_19179,2020,IA,WAPELLO,-23.8,98.2,-32.5,-3.2,32.5,3.2,11.9,-20.6,-23.8,15633,19.7,7.9,19.3,3.1,33.8
2020_19185,2020,IA,WAYNE,-52,98.8,-34.5,-6.1,34.5,6.1,-11.4,-45.9,-52,3109,14.3,1,20.200000000000003,0.8,22.5
2020_19187,2020,IA,WEBSTER,-24.4,98.7,-27.4,-2.9,27.4,2.9,5.8,-21.5,-24.4,17822,21.1,2.7,23.7,1.9,38.1
2020_19191,2020,IA,WINNESHIEK,-5.4,98.5,-15.5,-4.6,15.5,4.6,14.7,-0.8,-5.4,12064,29.8,2,32.7,1.4,33.2
2020_19193,2020,IA,WOODBURY,-15.9,98.4,-20.5,3.6,20.5,3.6,1,-19.5,-15.9,45362,23.5,8.799999999999999,30.8,3.2,36.2
2020_19195,2020,IA,WORTH,-25.9,98.2,-36.2,-4.3,36.2,4.3,14.5,-21.7,-25.9,4418,18.2,0.8,30.6,2.3,29.2
2020_20001,2020,KS,ALLEN,-44.9,98.2,-13.4,-4.3,13.4,4.3,-27.3,-40.7,-44.9,5892,18.2,3,20.6,2.6,30
2020_20003,2020,KS,ANDERSON,-56.6,97.9,-12.4,-4,12.4,4,-40.2,-52.6,-56.6,3792,18.6,0.8999999999999999,24.6,2.8,30.7
2020_20005,2020,KS,ATCHISON,-34.2,97.6,-11.1,-2.9,11.1,2.9,-20.2,-31.3,-34.2,7440,20.8,1.7999999999999998,22.7,2.4,36.5
2020_20007,2020,KS,BARBER,-73.6,98.4,-13.7,-4.1,13.7,4.1,-55.7,-69.4,-73.6,2342,20.6,1.3,21.9,1.6,22.6
2020_20091,2020,KS,JOHNSON,8.2,97.9,14.8,10.9,14.8,10.9,-17.4,-2.6,8.2,347214,56.1,9,55.60000000000001,2.3,30.4
2020_20207,2020,KS,WOODSON,-60.4,98.4,-10.8,-4.4,10.8,4.4,-45.3,-56.1,-60.4,1546,20,0.2,16.3,4.6,26.5
2020_21011,2020,KY,BATH,-42.9,98.8,-25.3,-5.4,25.3,5.4,-12.3,-37.5,-42.9,5627,15.5,0.5,18.1,1.8,32
2020_21019,2020,KY,BOYD,-33.2,98.3,-20.7,3.8,20.7,3.8,-16.3,-37,-33.2,21741,20.2,1.2,23,4.1,29.5
2020_21023,2020,KY,BRACKEN,-61.2,98.9,-29.6,-4.3,29.6,4.3,-27.3,-56.9,-61.2,4244,12.5,0.3,30.3,2.8,23.8
2020_21041,2020,KY,CARROLL,-44.4,98.4,-28.4,-6,28.4,6,-10.1,-38.4,-44.4,4135,7.4,1.3,15,6.2,32.7
2020_21059,2020,KY,DAVIESS,-27.9,98.1,-11.1,4.3,11.1,4.3,-21.1,-32.2,-27.9,49240,24.4,3.1,26.1,2.7,29.7
2020_21063,2020,KY,ELLIOTT,-51.2,98.8,-46.6,-7.1,46.6,7.1,2.5,-44.1,-51.2,2995,9.3,0.3,11.7,0.5,34.5
2020_21069,2020,KY,FLEMING,-57.5,99.2,-21.6,-3.6,21.6,3.6,-32.3,-53.9,-57.5,7066,15.3,1,15.9,4.6,21.8
2020_21071,2020,KY,FLOYD,-51.2,98.7,-14.3,-2.9,14.3,2.9,-33.9,-48.2,-51.2,16351,11.9,0.4,10.3,3.9,26.2
2020_21077,2020,KY,GALLATIN,-55.4,98.1,-33.8,-4.7,33.8,4.7,-17,-50.7,-55.4,3849,9.6,2.4,26.3,3.5,29.8
2020_21091,2020,KY,HANCOCK,-39.1,98,-26.8,-3.2,26.8,3.2,-9.2,-35.9,-39.1,4587,14.2,1.1,27.200000000000003,2.9,27
2020_21099,2020,KY,HART,-53,98.6,-19.6,-3.6,19.6,3.6,-29.8,-49.4,-53,8369,11.4,0.8999999999999999,14.099999999999998,2.2,26
2020_21101,2020,KY,HENDERSON,-24.6,98.5,-15.8,3.1,15.8,3.1,-11.8,-27.7,-24.6,20688,18.2,1.3,22.6,2.2,26.9
2020_21107,2020,KY,HOPKINS,-48,98.5,-14,5.9,14,5.9,-39.9,-53.9,-48,21509,16.1,1.3,19.8,3.6,29
2020_21115,2020,KY,JOHNSON,-67.1,98.7,-11.5,3.8,11.5,3.8,-59.5,-71,-67.1,10192,15.5,1.4,12.9,3.8,25.4
2020_21135,2020,KY,LEWIS,-70.8,98.7,-25.9,-3.2,25.9,3.2,-41.6,-67.5,-70.8,5883,8.7,0.2,6.1,2.6,24.8
2020_21139,2020,KY,LIVINGSTON,-61.4,98.9,-19.1,-3.6,19.1,3.6,-38.6,-57.8,-61.4,5003,14.5,0.7000000000000001,24.4,3.2,19.3
2020_21143,2020,KY,LYON,-47.5,99.1,-17,-3.5,17,3.5,-27.1,-44,-47.5,4228,15.5,2,21.6,1.4,32.3
2020_21155,2020,KY,MARION,-38,99,-24.9,-7.9,24.9,7.9,-5.2,-30.1,-38,8928,14.3,1.7000000000000002,17.1,4.3,33.5
2020_21165,2020,KY,MENIFEE,-50.3,98.7,-30.4,-3.2,30.4,3.2,-16.8,-47.1,-50.3,3102,11.9,0.5,19.6,2.1,32.6
2020_21167,2020,KY,MERCER,-46.6,98.3,-11.7,3.9,11.7,3.9,-38.8,-50.5,-46.6,11735,18.7,2.7,24.1,3.5,29.6
2020_21169,2020,KY,METCALFE,-59.5,98.4,-24.5,-5.1,24.5,5.1,-29.9,-54.4,-59.5,5012,13.1,0.5,14.499999999999998,1.7,23.1
2020_21179,2020,KY,NELSON,-36.6,98.5,-17.1,-3,17.1,3,-16.5,-33.6,-36.6,23245,19.3,1.2,32.6,2.1,28.4
2020_21187,2020,KY,OWEN,-58.5,98.8,-21.4,-4.9,21.4,4.9,-32.3,-53.6,-58.5,5456,16.3,0.1,22.6,2.2,29.8
2020_21191,2020,KY,PENDLETON,-60.5,98.7,-26.6,-3.3,26.6,3.3,-30.7,-57.3,-60.5,6925,14.2,1.3,27,2.4,30.6
2020_21197,2020,KY,POWELL,-48.6,98.2,-19.6,-3.4,19.6,3.4,-25.6,-45.2,-48.6,5505,17.6,1,15,3.2,24.5
2020_22007,2020,LA,ASSUMPTION,-30.6,98.8,-13.4,-5.1,13.4,5.1,-12.1,-25.5,-30.6,11235,12.9,1.1,18,2.9,33.3
2020_23001,2020,ME,ANDROSCOGGIN,-2.8,95.8,-22.2,6.6,22.2,6.6,12.8,-9.4,-2.8,59361,22.7,3.5000000000000004,26.200000000000003,2.9,34.3
2020_23011,2020,ME,KENNEBEC,0.2,95.9,-17,3.8,17,3.8,13.5,-3.6,0.2,72615,29.3,2.3,26.5,2.3,31.2
2020_23017,2020,ME,OXFORD,-8.7,96,-27.7,4.2,27.7,4.2,14.7,-12.9,-8.7,33810,20.6,1.6,22,3.5,31.3
2020_23031,2020,ME,YORK,12.5,96.2,-11.6,7.7,11.6,7.7,16.3,4.8,12.5,131042,32.2,3.5000000000000004,37.4,2.3,28.6
2020_24001,2020,MD,ALLEGANY,-38.3,98.1,-12.1,5.4,12.1,5.4,-31.6,-43.7,-38.3,30641,19.3,2,21.8,3.7,41.4
2020_24011,2020,MD,CAROLINE,-32.8,97.4,-14.6,5.1,14.6,5.1,-23.4,-38,-32.8,15794,19,6.3,29.4,3.1,35.5
2020_24015,2020,MD,CECIL,-26.6,97.4,-14.2,7,14.2,7,-19.4,-33.6,-26.6,47462,25.3,3.9,45.8,3.4,32.2
2020_24027,2020,MD,HOWARD,44.3,97.1,12,10.3,12,10.3,22,34,44.3,183062,62.7,21.2,81.5,2.7,31.8
2020_24031,2020,MD,MONTGOMERY,59.6,97.6,11.5,4.3,11.5,4.3,43.9,55.4,59.6,533743,59.2,32.2,71.7,3.3,33.5
2020_24039,2020,MD,SOMERSET,-14.8,98.4,-13.5,-3.2,13.5,3.2,1.9,-11.6,-14.8,10147,15.8,3.7,18.2,4.4,49.7
2020_24043,2020,MD,WASHINGTON,-20.9,97.8,-12.5,9.2,12.5,9.2,-17.6,-30.1,-20.9,67779,22.4,5,33,3.3,37.3
2020_25003,2020,MA,BERKSHIRE,46.9,97.2,-12.2,5.4,12.2,5.4,53.6,41.5,46.9,71771,35.3,5.6000000000000005,31.9,3.2,36.8
2020_25017,2020,MA,MIDDLESEX,44.9,97.1,11.2,6.6,11.2,6.6,27.1,38.3,44.9,869347,57.1,21.3,67.2,2.9,38.9
2020_25021,2020,MA,NORFOLK,36,97,13,7.8,13,7.8,15.2,28.2,36,411042,54.6,18.5,66.5,3.1,34.7
2020_26013,2020,MI,BARAGA,-25.6,98.8,-20.3,3.1,20.3,3.1,-8.4,-28.7,-25.6,4038,15.2,1.2,19.5,1.8,43
2020_26035,2020,MI,CLARE,-34.8,98.6,-27,-3,27,3,-4.8,-31.8,-34.8,16281,12.1,1.1,15.1,4.9,28
2020_26071,2020,MI,IRON,-25.4,98.8,-19.3,2.9,19.3,2.9,-9,-28.3,-25.4,6789,18.9,1.1,17.5,2.5,28.7
2020_26085,2020,MI,LAKE,-26.2,98.6,-27.9,-3.3,27.9,3.3,5,-22.9,-26.2,6323,13.5,1,12.9,2.4,23.2
2020_26097,2020,MI,MACKINAC,-23.8,98.9,-15,3.4,15,3.4,-12.2,-27.2,-23.8,7015,24,3.5000000000000004,22.2,4.9,29.7
2020_26099,2020,MI,MACOMB,-8.1,98.7,-15.5,3.5,15.5,3.5,4,-11.5,-8.1,494256,25.9,11.5,33.900000000000006,3.6,35.7
2020_26117,2020,MI,MONTCALM,-37.7,98.2,-25.3,-3.8,25.3,3.8,-8.6,-33.9,-37.7,32100,14.5,1.4,24.1,2.3,29.2
2020_26129,2020,MI,OGEMAW,-40.1,98.5,-30.3,-3.6,30.3,3.6,-6.2,-36.6,-40.1,11907,12.3,1.2,15.6,3.7,24.9
2020_26137,2020,MI,OTSEGO,-34.1,98.4,-17.9,3.4,17.9,3.4,-19.7,-37.6,-34.1,14757,25.6,1.7000000000000002,26.9,3.3,30.8
2020_26153,2020,MI,SCHOOLCRAFT,-31.6,98.6,-21.7,-3.1,21.7,3.1,-6.8,-28.6,-31.6,4745,18.9,0.8,21,3.6,25.7
2020_27007,2020,MN,BELTRAMI,-3.2,97.6,-19.6,6.6,19.6,6.6,9.9,-9.7,-3.2,24189,29.9,1.7000000000000002,22.6,3.8,43
2020_27009,2020,MN,BENTON,-31.9,97.3,-22.4,4.2,22.4,4.2,-13.6,-36.1,-31.9,22260,23.1,4.2,30.7,2.4,34.7
2020_27013,2020,MN,BLUE EARTH,4.4,97.3,-13.2,8.1,13.2,8.1,9.5,-3.7,4.4,36051,34.6,5.4,31.1,2.8,47.5
2020_27015,2020,MN,BROWN,-32.8,97.7,-19.3,3.1,19.3,3.1,-16.6,-35.9,-32.8,14635,22.6,2.5,30.1,1.6,28.7
2020_27033,2020,MN,COTTONWOOD,-38.2,98.2,-19.9,-3.2,19.9,3.2,-15.1,-35,-38.2,6107,20.7,6.4,23.1,3,30
2020_27049,2020,MN,GOODHUE,-14.8,97.3,-14.9,3,14.9,3,-3,-17.9,-14.8,28636,26.2,2.6,37.7,2.4,27.9
2020_27057,2020,MN,HUBBARD,-28.8,97.7,-16.5,4.5,16.5,4.5,-16.9,-33.4,-28.8,12965,28.4,1.4,28.999999999999996,2.3,25.1
2020_27089,2020,MN,MARSHALL,-47.4,98.1,-29,-6.3,29,6.3,-12.2,-41.2,-47.4,5113,18.5,1.5,31,1.3,28.1
2020_27091,2020,MN,MARTIN,-37.9,98,-17.4,3.2,17.4,3.2,-23.7,-41.1,-37.9,11009,21.7,1.5,25.3,2.9,25.2
2020_27101,2020,MN,MURRAY,-39.1,98.3,-28.8,-3.1,28.8,3.1,-7.2,-36,-39.1,4896,20.8,3.1,32.5,1.8,27.4
2020_27103,2020,MN,NICOLLET,3.2,97.5,-10.9,6.2,10.9,6.2,7.8,-3,3.2,19125,34.4,4.2,37.6,1.7,38
2020_27111,2020,MN,OTTER TAIL,-32.5,98.2,-14.5,3.2,14.5,3.2,-21.1,-35.7,-32.5,36399,25.9,2.6,29.799999999999997,2.5,24.7
2020_27115,2020,MN,PINE,-30.2,98,-25.5,-4.1,25.5,4.1,-0.7,-26.1,-30.2,16001,15.3,1.3,26.700000000000003,3.4,34.9
2020_27131,2020,MN,RICE,-0.2,97.7,-11.3,2.9,11.3,2.9,8.3,-3.1,-0.2,35686,28.5,7.6,38.7,3.3,38.7
2020_27133,2020,MN,ROCK,-38.7,98.1,-17.7,-3.2,17.7,3.2,-17.8,-35.5,-38.7,5240,23.8,2.5,34.8,1.2,26.2
2020_27137,2020,MN,SAINT LOUIS,15.6,97.6,-17.9,3.9,17.9,3.9,29.6,11.7,15.6,119531,30.1,2.3,28.199999999999996,3,37.9
2020_27141,2020,MN,SHERBURNE,-32.6,97.6,-14.7,4.1,14.7,4.1,-22,-36.8,-32.6,55612,25.7,3.5999999999999996,53.2,1.7,35.2
2020_27145,2020,MN,STEARNS,-22.5,97.6,-15.6,5.2,15.6,5.2,-12.1,-27.7,-22.5,84835,27.8,6.3,34.4,3.5,39.7
2020_27147,2020,MN,STEELE,-22.4,97.4,-19.6,3.4,19.6,3.4,-6.3,-25.8,-22.4,21128,26.8,4.6,36.8,2.5,30
2020_27149,2020,MN,STEVENS,-22.1,97.7,-12.2,-9.4,12.2,9.4,-0.4,-12.7,-22.1,5085,29.8,6.2,34.599999999999994,1.7,36.8
2020_27151,2020,MN,SWIFT,-29.5,98.2,-35.4,-3.9,35.4,3.9,9.8,-25.6,-29.5,5193,21.5,3.2,25,2.1,28.6
2020_27155,2020,MN,TRAVERSE,-27.4,98.3,-27.7,-4.1,27.7,4.1,4.4,-23.3,-27.4,1864,15.8,1.6,23.200000000000003,2.9,23.5
2020_27169,2020,MN,WINONA,0.4,97.7,-15.8,3.3,15.8,3.3,12.9,-2.9,0.4,27173,31.3,3.4000000000000004,30.2,2.3,43.8
2020_27171,2020,MN,WRIGHT,-28.6,97.5,-11.2,4.4,11.2,4.4,-21.7,-33,-28.6,82426,31,2.8000000000000003,52.5,2,29.9
2020_28009,2020,MS,BENTON,-20.8,99.1,-13.5,-7.5,13.5,7.5,0.2,-13.3,-20.8,4289,10.1,5.4,14.000000000000002,1.3,27
2020_28137,2020,MS,TATE,-34.6,98.4,-11.4,-3.9,11.4,3.9,-19.3,-30.7,-34.6,13093,17.2,1.3,26.8,3,32.8
2020_29007,2020,MO,AUDRAIN,-47.2,97.9,-17.2,-3.3,17.2,3.3,-26.6,-43.8,-47.2,10656,14.3,2,18,2.9,36.2
2020_29013,2020,MO,BATES,-58.5,98.3,-22.9,-3.9,22.9,3.9,-31.7,-54.6,-58.5,8416,14.8,1.1,19.6,3,26.9
2020_29025,2020,MO,CALDWELL,-60.4,98.7,-21.7,-4.9,21.7,4.9,-33.8,-55.5,-60.4,4682,15,0.8999999999999999,23.4,1.8,25.7
2020_29035,2020,MO,CARTER,-70.2,99,-22.7,-3.8,22.7,3.8,-43.7,-66.4,-70.2,2897,15.2,0,16.1,2.1,28
2020_29045,2020,MO,CLARK,-58.8,98.7,-43.6,-4.8,43.6,4.8,-10.3,-53.9,-58.8,3394,12.2,1.6,18.9,1.8,25.9
2020_29061,2020,MO,DAVIESS,-60.2,98.4,-23.6,-3.5,23.6,3.5,-33.1,-56.7,-60.2,3911,20.8,0.8999999999999999,23.9,1.3,24.7
2020_29069,2020,MO,DUNKLIN,-57,99.2,-23.4,-3.4,23.4,3.4,-30.2,-53.6,-57,10419,13.9,2.9000000000000004,12.6,4.1,32.8
2020_29075,2020,MO,GENTRY,-60.8,98.7,-20.8,-5,20.8,5,-35,-55.8,-60.8,3237,20.3,1.1,19.6,1.7,34.7
2020_29081,2020,MO,HARRISON,-68,99.2,-20.4,-3.2,20.4,3.2,-44.4,-64.8,-68,3826,15.7,1.3,14.7,1.8,31.1
2020_29085,2020,MO,HICKORY,-57.3,98.9,-29.9,-3.8,29.9,3.8,-23.5,-53.5,-57.3,5080,8.5,0.8999999999999999,8.9,3.7,19.1
2020_29087,2020,MO,HOLT,-69.9,98.8,-16.2,-2.9,16.2,2.9,-50.8,-67,-69.9,2343,18.2,1,19.3,1.5,21.3
2020_29093,2020,MO,IRON,-57.7,98.9,-38,-5.3,38,5.3,-14.5,-52.5,-57.7,4592,11.9,1.3,14.3,2.7,26.2
2020_29103,2020,MO,KNOX,-61.8,98.5,-29.5,-6.4,29.5,6.4,-25.9,-55.5,-61.8,1854,15.7,0.7000000000000001,12.3,2.5,34.9
2020_29115,2020,MO,LINN,-53.9,98.5,-27.5,-3,27.5,3,-23.5,-51,-53.9,5726,18.5,0.7000000000000001,23.1,1.2,25.3
2020_29123,2020,MO,MADISON,-62.8,98.7,-25,-4.6,25,4.6,-33.2,-58.2,-62.8,5676,14.1,1.2,20.6,2.4,25.9
2020_29125,2020,MO,MARIES,-64.5,98.6,-20.4,-3,20.4,3,-41.1,-61.5,-64.5,4771,15.8,1.7999999999999998,20.8,3.6,24.9
2020_29133,2020,MO,MISSISSIPPI,-49.6,99.1,-18.3,-8.2,18.3,8.2,-23.2,-41.4,-49.6,4756,12.5,1.3,9.7,3.6,39.2
2020_29143,2020,MO,NEW MADRID,-51,99.2,-25.1,-5.7,25.1,5.7,-20.3,-45.4,-51,7250,12,0.5,14.3,3.6,31.7
2020_29149,2020,MO,OREGON,-63.8,98.5,-26.9,-3.7,26.9,3.7,-33.2,-60.1,-63.8,4739,14.9,0.6,8.4,1.9,20.5
2020_29151,2020,MO,OSAGE,-71.5,99,-12.8,-2.9,12.8,2.9,-55.7,-68.5,-71.5,7539,20.4,0.1,31.9,1.1,28.1
2020_29153,2020,MO,OZARK,-68.1,99,-23.9,-3.4,23.9,3.4,-40.8,-64.7,-68.1,4864,11.7,1.3,8.6,1.8,17.6
2020_29155,2020,MO,PEMISCOT,-44.6,99,-18.8,-11.2,18.8,11.2,-14.6,-33.5,-44.6,5735,12,1,9.9,5.7,29.9
2020_29163,2020,MO,PIKE,-53.9,98.5,-19.7,-6.9,19.7,6.9,-27.3,-47,-53.9,7695,15,0.6,18.1,2.4,36.4
2020_29169,2020,MO,PULASKI,-45.7,97.6,-15.5,5.8,15.5,5.8,-36.1,-51.6,-45.7,14414,27.7,6,28.9,2.2,47.3
2020_29177,2020,MO,RAY,-44.9,98.3,-22.1,-8,22.1,8,-14.9,-36.9,-44.9,11649,14.1,0.6,34.5,2.1,28.4
2020_29179,2020,MO,REYNOLDS,-66.8,98.9,-37.2,-5.4,37.2,5.4,-24.2,-61.4,-66.8,3298,15.4,0.5,13.8,4.1,25.6
2020_29181,2020,MO,RIPLEY,-70.1,99.2,-22.2,-3.2,22.2,3.2,-44.6,-66.8,-70.1,5717,10.8,1,11,2.6,29.7
2020_29195,2020,MO,SALINE,-37.3,98.3,-19.9,-2.9,19.9,2.9,-14.4,-34.4,-37.3,9519,22.5,5.1,20.3,1.7,37.9
2020_29203,2020,MO,SHANNON,-63,99.1,-30.1,-6.9,30.1,6.9,-26,-56.1,-63,3906,14.5,0.4,11.2,2,19.9
2020_29205,2020,MO,SHELBY,-62.9,98.3,-21.1,-4,21.1,4,-37.8,-58.9,-62.9,3350,19.4,1,17.2,1.1,25.9
2020_29185,2020,MO,ST. CLAIR,-59.2,98.9,-21.7,-3.8,21.7,3.8,-33.7,-55.4,-59.2,4974,14.5,1.2,13.4,1.7,22.4
2020_29186,2020,MO,STE. GENEVIEVE,-41.3,98.5,-31.9,-6.4,31.9,6.4,-3,-34.9,-41.3,9484,17.9,0.8999999999999999,31.6,2.8,27.3
2020_29211,2020,MO,SULLIVAN,-60.5,99.2,-27.6,-5.9,27.6,5.9,-27.1,-54.6,-60.5,2471,15.2,9.4,17.4,1.2,31.7
2020_29215,2020,MO,TEXAS,-68.6,98.9,-21.1,-3.4,21.1,3.4,-44.1,-65.2,-68.6,11315,14.8,1.7999999999999998,10.8,3.1,27.9
2020_29221,2020,MO,WASHINGTON,-62.6,98.7,-36.2,-7.4,36.2,7.4,-19,-55.2,-62.6,9976,11.4,0.6,16.5,3.6,30.3
2020_29223,2020,MO,WAYNE,-70.5,99.2,-31,-4.9,31,4.9,-34.6,-65.6,-70.5,5878,9.9,0.8,12.6,3.5,22.1
2020_29229,2020,MO,WRIGHT,-71.9,98.6,-19.5,-3.7,19.5,3.7,-48.7,-68.2,-71.9,8739,11,0.6,11.6,3.1,23.4
2020_30005,2020,MT,BLAINE,3.8,98.1,-17.8,6.3,17.8,6.3,15.3,-2.5,3.8,3117,24.5,0.6,18.5,7.6,37.3
2020_30037,2020,MT,GOLDEN VALLEY,-66.8,97.8,-11.7,-4.8,11.7,4.8,-50.3,-62,-66.8,503,21.8,2.1,21.4,1.2,12.1
2020_30041,2020,MT,HILL,-13.6,96.6,-20.7,3.6,20.7,3.6,3.5,-17.2,-13.6,7182,26.7,1.2,22.9,3.9,35.7
2020_30047,2020,MT,LAKE,-14.5,97.7,-10.9,6.4,10.9,6.4,-10,-20.9,-14.5,16626,31.4,2.1999999999999997,23.9,3.4,30.6
2020_30055,2020,MT,MCCONE,-71,98.5,-14.2,-4.2,14.2,4.2,-52.6,-66.8,-71,1128,15.9,1.7000000000000002,27.800000000000004,1.1,30.2
2020_30059,2020,MT,MEAGHER,-51.8,98.3,-13.6,3.1,13.6,3.1,-41.3,-54.9,-51.8,1110,26.2,3.4000000000000004,19.6,0.3,25.2
2020_30061,2020,MT,MINERAL,-44.6,98.1,-14.7,-4.2,14.7,4.2,-25.6,-40.3,-44.6,2563,21.9,1,21.1,3.3,28.9
2020_30085,2020,MT,ROOSEVELT,-2.1,97.2,-22.1,4.3,22.1,4.3,15.6,-6.5,-2.1,4017,18.7,1.5,18.6,6,50.7
2020_30105,2020,MT,VALLEY,-49.4,97.7,-21.9,-2.9,21.9,2.9,-24.7,-46.5,-49.4,4261,19.3,1.1,23.1,3.8,27.9
2020_31001,2020,NE,ADAMS,-40.2,97.9,-10.7,4.1,10.7,4.1,-33.6,-44.3,-40.2,14602,25.6,5.800000000000001,27,1.6,32.7
2020_31007,2020,NE,BANNER,-77.8,98.8,-13.3,6.3,13.3,6.3,-70.8,-84.1,-77.8,410,26.7,5.1,25.3,1,5.5
2020_31013,2020,NE,BOX BUTTE,-57,97.5,-28.8,-3.1,28.8,3.1,-25,-53.9,-57,5181,17.7,6.3,31.7,3.2,24.7
2020_31025,2020,NE,CASS,-35.2,97.2,-12.2,3.2,12.2,3.2,-26.2,-38.4,-35.2,15284,29.4,1.4,41.2,1.8,26.9
2020_31043,2020,NE,DAKOTA,-17.4,98.2,-17.9,3.3,17.9,3.3,-2.8,-20.7,-17.4,6794,14.7,23.799999999999997,31.2,3.1,33.3
2020_31045,2020,NE,DAWES,-44.9,97.4,-13.7,4.9,13.7,4.9,-36.1,-49.8,-44.9,4121,38.2,0.7000000000000001,21.7,1.1,40.9
2020_31069,2020,NE,GARDEN,-71.5,98.5,-12.8,-4.9,12.8,4.9,-53.8,-66.6,-71.5,1195,23.1,2.6,15.9,1.1,20.7
2020_31093,2020,NE,HOWARD,-61.1,98.1,-24.1,-3,24.1,3,-34,-58.1,-61.1,3501,21.7,1.7000000000000002,29.799999999999997,2.3,19.9
2020_31105,2020,NE,KIMBALL,-69.1,97.7,-15.8,-3.5,15.8,3.5,-49.8,-65.6,-69.1,1874,13.2,1.6,20.6,4.2,27.5
2020_31151,2020,NE,SALINE,-28.5,97.3,-19.3,-3.8,19.3,3.8,-5.4,-24.7,-28.5,5770,19.2,16,24.6,1.6,35.1
2020_31157,2020,NE,SCOTTS BLUFF,-43.7,97.9,-10.7,4.3,10.7,4.3,-37.2,-48,-43.7,15469,23.1,3.7,24.9,2.9,30.3
2020_31163,2020,NE,SHERMAN,-57.7,98.1,-27,-6.2,27,6.2,-24.5,-51.5,-57.7,1698,21.6,1.6,24.7,2.1,19.5
2020_31173,2020,NE,THURSTON,-2.5,99,-19.8,3.4,19.8,3.4,13.9,-5.9,-2.5,2325,18.9,1.5,26.700000000000003,7.8,45
2020_31183,2020,NE,WHEELER,-75.5,99,-11.5,-7.8,11.5,7.8,-56.2,-67.7,-75.5,502,25.1,0.7000000000000001,20.9,0,17.4
2020_32009,2020,NV,ESMERALDA,-67.3,97.3,-10.7,-4.9,10.7,4.9,-51.7,-62.4,-67.3,480,16.8,9.5,7.7,1.3,28.2
2020_32013,2020,NV,HUMBOLDT,-53.9,97.4,-12.6,-5.2,12.6,5.2,-36.1,-48.7,-53.9,7771,18.8,11,35.099999999999994,2.5,26.9
2020_33001,2020,NH,BELKNAP,-10.4,98.4,-11.6,6.1,11.6,6.1,-5,-16.5,-10.4,38391,31.7,2.6,36.1,2.4,28.3
2020_33005,2020,NH,CHESHIRE,17.2,98.2,-12.3,4.9,12.3,4.9,24.7,12.4,17.2,44220,33.7,3.1,34,2.5,35.6
2020_33007,2020,NH,COOS,-5.9,98.4,-26.4,3,26.4,3,17.5,-8.9,-5.9,16515,19.7,2.6,21.4,2.8,32.3
2020_33019,2020,NH,SULLIVAN,3.6,98,-15.9,6.2,15.9,6.2,13.3,-2.6,3.6,24380,29.6,2.7,33.2,1.5,33.2
2020_34009,2020,NJ,CAPE MAY,-16,98.9,-11.3,3.9,11.3,3.9,-8.6,-19.9,-16,57714,33.6,4.3999999999999995,40.1,3.8,28.1
2020_34029,2020,NJ,OCEAN,-28.8,98.7,-15.9,4.7,15.9,4.7,-17.6,-33.5,-28.8,341516,31.4,7.7,40.400000000000006,3.1,31.3
2020_35019,2020,NM,GUADALUPE,14.5,98.3,-23.1,-6,23.1,6,43.6,20.5,14.5,2189,8.5,3.5999999999999996,7.000000000000001,3,43.6
2020_35023,2020,NM,HIDALGO,-15,98.4,-11.7,-8.3,11.7,8.3,5,-6.7,-15,1974,19.9,6.7,18,3.6,25.6
2020_35028,2020,NM,LOS ALAMOS,26.6,96.2,16.5,6.4,16.5,6.4,3.7,20.2,26.6,12293,67.6,8.799999999999999,77.7,2.4,29.9
2020_35033,2020,NM,MORA,31.3,98.6,-16.4,-4.3,16.4,4.3,52.1,35.7,31.3,2686,17.6,1.6,5.7,3.5,42.9
2020_35037,2020,NM,QUAY,-37.8,98.2,-11.4,-4.3,11.4,4.3,-22.1,-33.5,-37.8,3873,15.4,2.6,9.3,1.2,35.8
2020_35039,2020,NM,RIO ARRIBA,33.6,98.6,-12.3,-6.7,12.3,6.7,52.6,40.3,33.6,16628,18.5,4.5,16,3.5,41.6
2020_35047,2020,NM,SAN MIGUEL,38.7,98.1,-10.6,-7.5,10.6,7.5,56.9,46.2,38.7,11531,22,3.5999999999999996,8,2.7,47.6
2020_35057,2020,NM,TORRANCE,-33.3,97.7,-13.3,-2.8,13.3,2.8,-17.2,-30.5,-33.3,7281,15.6,5.800000000000001,12.8,4.3,36.7
2020_36009,2020,NY,CATTARAUGUS,-29.3,97.2,-23.9,3.4,23.9,3.4,-8.8,-32.7,-29.3,35018,19.9,1.7999999999999998,22.8,3.2,34.7
2020_36013,2020,NY,CHAUTAUQUA,-19.7,96.9,-19.6,3.4,19.6,3.4,-3.4,-23.1,-19.7,59770,23.1,2.5,20.8,3.1,35.7
2020_36015,2020,NY,CHEMUNG,-13.3,97.1,-17.7,4.2,17.7,4.2,0.2,-17.6,-13.3,39711,23.6,3.2,26.1,3.4,36.9
2020_36019,2020,NY,CLINTON,5.2,97.9,-24.8,3.3,24.8,3.3,26.7,1.9,5.2,35637,24.4,4.3999999999999995,29.799999999999997,2.5,39.5
2020_36021,2020,NY,COLUMBIA,16.6,97.4,-11,11.6,11,11.6,15.9,4.9,16.6,35781,33.7,6.6000000000000005,37.2,3.4,33.1
2020_36023,2020,NY,CORTLAND,-1.9,96.6,-16.3,3.7,16.3,3.7,10.7,-5.6,-1.9,21892,26.9,2.5,29.6,3.5,41.5
2020_36025,2020,NY,DELAWARE,-18.4,97.6,-20.4,8.5,20.4,8.5,-6.5,-26.9,-18.4,23074,22.1,4.3999999999999995,22.2,2.3,35.7
2020_36027,2020,NY,DUTCHESS,9.6,97.6,-10.8,9.2,10.8,9.2,11.2,0.4,9.6,151889,36.4,11.7,47.7,3.1,37.5
2020_36029,2020,NY,ERIE,14.6,97.5,-12.3,8.2,12.3,8.2,18.7,6.4,14.6,476787,35.1,7.199999999999999,29.799999999999997,3,39.7
2020_36031,2020,NY,ESSEX,5,97.2,-20.8,6.1,20.8,6.1,19.7,-1.1,5,19470,29.8,4,28.7,2.6,34.2
2020_36033,2020,NY,FRANKLIN,-2.1,97.4,-32.4,3.3,32.4,3.3,27,-5.5,-2.1,19420,20.7,3,24.5,3.5,42.2
2020_36037,2020,NY,GENESEE,-31.4,96.8,-20,3.6,20,3.6,-15,-35.1,-31.4,29431,21.9,2.4,30.7,2.5,33.1
2020_36039,2020,NY,GREENE,-15.5,97.2,-19.1,10.2,19.1,10.2,-6.6,-25.7,-15.5,25320,23.9,5.800000000000001,27.6,2,38.5
2020_36041,2020,NY,HAMILTON,-30,97.5,-12.8,4.6,12.8,4.6,-21.7,-34.6,-30,3489,19.9,1.7000000000000002,30.7,1.1,29.8
2020_36051,2020,NY,LIVINGSTON,-18,96.9,-16.2,3.9,16.2,3.9,-5.8,-22,-18,31656,27.5,3.3000000000000003,30.4,2.3,37.1
2020_36053,2020,NY,MADISON,-10.5,96.9,-18.5,3.7,18.5,3.7,4.3,-14.2,-10.5,34266,26.6,2.7,31.2,2.3,36.9
2020_36063,2020,NY,NIAGARA,-9.6,97.4,-21.9,8.2,21.9,8.2,4.1,-17.8,-9.6,104866,25.6,3.9,28.000000000000004,3.2,35.1
2020_36065,2020,NY,ONEIDA,-15.4,97.1,-17.7,4.1,17.7,4.1,-1.7,-19.4,-15.4,101696,26.6,8.1,29.5,2.5,38.3
2020_36071,2020,NY,ORANGE,-0.2,97.9,-14.6,5.3,14.6,5.3,9.1,-5.5,-0.2,173305,30.8,11.5,46.9,3,38.1
2020_36073,2020,NY,ORLEANS,-35.7,96.7,-25.3,3.8,25.3,3.8,-14.1,-39.5,-35.7,18314,16.3,2.9000000000000004,24.6,3.3,34.8
2020_36077,2020,NY,OTSEGO,-5,96.9,-15.6,6.1,15.6,6.1,4.5,-11.1,-5,28223,33.4,3.7,27.1,3.3,36.8
2020_36083,2020,NY,RENSSELAER,5.6,96.9,-16.8,7,16.8,7,15.4,-1.4,5.6,79962,33.9,5.3,40.2,3.3,40.8
2020_36093,2020,NY,SCHENECTADY,15.6,97.1,-11.9,8.4,11.9,8.4,19.1,7.1,15.6,75381,32.1,10,35.4,4.4,40.7
2020_36095,2020,NY,SCHOHARIE,-28.8,96.4,-22.2,3.8,22.2,3.8,-10.4,-32.7,-28.8,15810,23.6,3.2,29.299999999999997,3.1,34.4
2020_36097,2020,NY,SCHUYLER,-17.5,97.2,-18,4.8,18,4.8,-4.3,-22.3,-17.5,9799,23.2,1.7999999999999998,24.8,3.4,31.7
2020_36101,2020,NY,STEUBEN,-29.4,97.3,-20.7,4.6,20.7,4.6,-13.4,-34.1,-29.4,46516,24.6,3.5000000000000004,26.5,3.4,30.9
2020_36103,2020,NY,SUFFOLK,-1,98.1,-14.4,5.8,14.4,5.8,7.5,-6.8,-1,757877,37.3,15.3,66.60000000000001,3,36
2020_36107,2020,NY,TIOGA,-20.5,97,-13.6,5.2,13.6,5.2,-12.1,-25.7,-20.5,25170,26.1,1.9,31.8,3.4,28.2
2020_36111,2020,NY,ULSTER,20.8,97.4,-13.4,10.8,13.4,10.8,23.3,10,20.8,98160,33.2,7.7,34.5,3.2,38.3
2020_36113,2020,NY,WARREN,-0.2,97.1,-13,8.3,13,8.3,4.6,-8.5,-0.2,36394,32.3,3.7,33.900000000000006,2.5,30
2020_36115,2020,NY,WASHINGTON,-15.5,97.3,-23.6,2.9,23.6,2.9,5.2,-18.4,-15.5,28256,20.2,2.4,29.9,3.3,37.5
2020_36117,2020,NY,WAYNE,-19.4,97,-20.9,5.5,20.9,5.5,-4,-25,-19.4,45031,23.7,2.8000000000000003,31.8,2.3,29.6
2020_36121,2020,NY,WYOMING,-45.3,97.4,-25.5,4.1,25.5,4.1,-23.8,-49.4,-45.3,19483,18,2,29.2,2.8,34.1
2020_37005,2020,NC,ALLEGHANY,-50,99,-11.5,-2.9,11.5,2.9,-35.7,-47.2,-50,6076,20.8,4.7,11.9,1.7,21.6
2020_37007,2020,NC,ANSON,4.2,99.2,-12.5,-8.6,12.5,8.6,25.3,12.8,4.2,11194,11.1,2.8000000000000003,14.000000000000002,4.1,41.9
2020_37017,2020,NC,BLADEN,-13.7,99.3,-11.4,-4.3,11.4,4.3,2,-9.4,-13.7,17125,18.2,3.7,11.9,2.4,32.4
2020_37047,2020,NC,COLUMBUS,-27.9,99.4,-14.1,-6,14.1,6,-7.8,-21.9,-27.9,26446,12.9,2.7,13,2.7,36.2
2020_37053,2020,NC,CURRITUCK,-46.2,98.2,-14.5,3.1,14.5,3.1,-34.8,-49.3,-46.2,16147,25.2,2.3,41.2,2.1,26.6
2020_37073,2020,NC,GATES,-13.7,99,-13.2,-4.7,13.2,4.7,4.1,-9.1,-13.7,5971,12.5,1,18.9,5.5,30.1
2020_37123,2020,NC,MONTGOMERY,-31.8,99.1,-10.7,-6,10.7,6,-15.1,-25.8,-31.8,12849,16.3,9.1,18.3,1.7,34.6
2020_37143,2020,NC,PERQUIMANS,-32.2,98.8,-11.7,-4.5,11.7,4.5,-16,-27.7,-32.2,7484,19.6,2.3,23,2.6,24.1
2020_37153,2020,NC,RICHMOND,-14.8,99.1,-12.7,-5.1,12.7,5.1,2.9,-9.7,-14.8,20763,17.8,3.4000000000000004,13.4,4.7,36.9
2020_37155,2020,NC,ROBESON,-18.6,99.2,-21.7,-14.3,21.7,14.3,17.4,-4.3,-18.6,47188,14,4.2,10.5,3.7,43.7
2020_38005,2020,ND,BENSON,-13.9,97.7,-21.3,-9.5,21.3,9.5,17,-4.3,-13.9,1961,17.2,0.7000000000000001,22.5,2,46.9
2020_38015,2020,ND,BURLEIGH,-40.2,96.7,-13.3,4.9,13.3,4.9,-31.9,-45.1,-40.2,50753,36.5,2.5,40.6,1.7,33.3
2020_38019,2020,ND,CAVALIER,-50.7,97.7,-25.7,-6.8,25.7,6.8,-18.2,-43.9,-50.7,2020,22.8,1.3,26.200000000000003,1.1,24
2020_38025,2020,ND,DUNN,-68.8,98.1,-13.9,-5.8,13.9,5.8,-49.1,-63,-68.8,2338,19.1,2.9000000000000004,48.4,1.1,29.2
2020_38031,2020,ND,FOSTER,-55.6,97.6,-26.9,-3.6,26.9,3.6,-25.1,-52,-55.6,1778,25.3,0.5,31.2,0.2,22.9
2020_38035,2020,ND,GRAND FORKS,-13.3,96.4,-14.7,4.8,14.7,4.8,-3.4,-18.1,-13.3,30970,36.2,5.5,25.2,2.7,45.4
2020_38039,2020,ND,GRIGGS,-47.9,97.2,-25.9,-4.5,25.9,4.5,-17.5,-43.4,-47.9,1250,27.5,2.9000000000000004,25.3,0.9,28
2020_38045,2020,ND,LAMOURE,-50.4,97.9,-16.5,-4.9,16.5,4.9,-29,-45.5,-50.4,2219,25.1,0.8,31.4,0.5,21.9
2020_38049,2020,ND,MCHENRY,-59.9,97.5,-28.2,-4.6,28.2,4.6,-27.1,-55.3,-59.9,3003,20.4,1.2,35.8,2.9,27.7
2020_38053,2020,ND,MCKENZIE,-67.7,97.7,-19.2,-4.1,19.2,4.1,-44.4,-63.6,-67.7,5419,26.8,2.9000000000000004,42.4,2.5,46.8
2020_38061,2020,ND,MOUNTRAIL,-37.6,98,-17,-4.5,17,4.5,-16.2,-33.2,-37.6,4165,21.5,2.3,38.6,2.8,37.4
2020_38065,2020,ND,OLIVER,-74,98.2,-29.2,-4.1,29.2,4.1,-40.7,-69.9,-74,1066,19.6,0.4,35.5,1.6,19.1
2020_38071,2020,ND,RAMSEY,-36.1,97.1,-22.2,-3.8,22.2,3.8,-10,-32.3,-36.1,5372,26.3,2.9000000000000004,24.4,0.4,33.1
2020_38073,2020,ND,RANSOM,-19.3,96.3,-29.5,-3.5,29.5,3.5,13.8,-15.8,-19.3,2454,20.5,5.2,32,2.1,27.2
2020_38079,2020,ND,ROLETTE,32.2,98.3,-26.2,8.7,26.2,8.7,49.7,23.5,32.2,3804,19,0.3,19.4,3.8,47.8
2020_38081,2020,ND,SARGENT,-25.5,96.8,-29.5,-5.8,29.5,5.8,9.8,-19.7,-25.5,2070,18.6,4,33.900000000000006,0.9,26.2
2020_38085,2020,ND,SIOUX,46,89.5,-18.6,5.6,18.6,5.6,59,40.4,46,1186,14.5,0.1,15.7,9.1,55.1
2020_38087,2020,ND,SLOPE,-78.7,99.3,-15.1,-4.5,15.1,4.5,-59,-74.2,-78.7,427,25.9,0.3,34.9,1.3,21.1
2020_38091,2020,ND,STEELE,-23.9,96,-19.6,-6.2,19.6,6.2,1.9,-17.7,-23.9,1088,28.3,1.6,44,0.3,20.6
2020_38095,2020,ND,TOWNER,-43.7,97.7,-27.9,-6.7,27.9,6.7,-9.1,-37,-43.7,1174,14.5,4.1000000000000005,21.8,1.2,35.3
2020_38103,2020,ND,WELLS,-61.1,98.4,-16.5,-3.3,16.5,3.3,-41.2,-57.8,-61.1,2374,22.2,0.2,27.4,2.1,18.9
2020_39001,2020,OH,ADAMS,-63.5,99,-29.7,-7.8,29.7,7.8,-26.1,-55.8,-63.5,12145,15.5,0.8,14.2,3.4,29.7
2020_39007,2020,OH,ASHTABULA,-23.5,98.3,-31.7,-4.6,31.7,4.6,12.8,-18.9,-23.5,44147,14.9,1.5,20.5,4,31.8
2020_39013,2020,OH,BELMONT,-43.6,98.8,-31.4,-4,31.4,4,-8.2,-39.6,-43.6,33088,16.2,1.2,23.5,3.1,36.5
2020_39015,2020,OH,BROWN,-57.4,98.9,-27.3,-5.2,27.3,5.2,-24.8,-52.1,-57.4,21096,14.3,0.5,28.000000000000004,2.5,26.5
2020_39019,2020,OH,CARROLL,-52.7,98.5,-33.3,-6.1,33.3,6.1,-13.4,-46.7,-52.7,14212,13.2,0.5,24.3,2.1,24.9
2020_39021,2020,OH,CHAMPAIGN,-47.7,98.4,-22.7,-3.3,22.7,3.3,-21.7,-44.4,-47.7,19972,15.9,1,30.1,3.6,28.6
2020_39023,2020,OH,CLARK,-23.3,98.3,-18.5,-4,18.5,4,-0.8,-19.3,-23.3,64212,18.9,1.9,23.4,4.1,32.4
2020_39029,2020,OH,COLUMBIANA,-44.9,98.4,-29.9,-3.2,29.9,3.2,-11.8,-41.7,-44.9,49860,14.5,1.2,21.7,3.4,32.1
2020_39031,2020,OH,COSHOCTON,-49,98.3,-34.3,-5.4,34.3,5.4,-9.2,-43.5,-49,16739,14.9,0.7000000000000001,21,3.5,29.1
2020_39033,2020,OH,CRAWFORD,-50.9,98.4,-24.8,-4.1,24.8,4.1,-21.9,-46.7,-50.9,20686,15.3,1.5,19.3,3.2,28.4
2020_39045,2020,OH,FAIRFIELD,-23.5,98.5,-11.2,3.2,11.2,3.2,-15.5,-26.7,-23.5,83311,29,3.8,38.9,2.5,31.2
2020_39047,2020,OH,FAYETTE,-51.5,98.7,-25.6,-4.4,25.6,4.4,-21.5,-47.1,-51.5,12612,15.2,1.7000000000000002,21.1,2.8,28.1
2020_39051,2020,OH,FULTON,-39.8,98.4,-23.5,-3.8,23.5,3.8,-12.5,-36,-39.8,22770,17,1.5,31.2,2.8,28.3
2020_39059,2020,OH,GUERNSEY,-48.4,98.7,-33.6,-5.6,33.6,5.6,-9.2,-42.8,-48.4,18230,15.1,0.8999999999999999,19.3,2.8,31.5
2020_39063,2020,OH,HANCOCK,-37.5,98.2,-12.8,2.9,12.8,2.9,-27.7,-40.5,-37.5,38771,27.6,3.9,28.1,2.4,34
2020_39065,2020,OH,HARDIN,-52,98.2,-24.1,-4.8,24.1,4.8,-23.1,-47.2,-52,13247,16,1.9,22.4,3,33.2
2020_39067,2020,OH,HARRISON,-52.6,98.8,-33.2,-4.4,33.2,4.4,-15,-48.2,-52.6,7655,12.4,0.8999999999999999,21.8,3,27.2
2020_39069,2020,OH,HENRY,-43.5,98.5,-21.5,-3.7,21.5,3.7,-18.3,-39.8,-43.5,14764,17.6,1.6,30.6,2.9,29.4
2020_39071,2020,OH,HIGHLAND,-60.4,99,-25.3,-5,25.3,5,-30.1,-55.4,-60.4,19676,13.8,1,20.6,2.7,25.5
2020_39073,2020,OH,HOCKING,-42.4,98.5,-35.8,-5.6,35.8,5.6,-1,-36.8,-42.4,13824,13.9,0.4,26,2.2,26.6
2020_39077,2020,OH,HURON,-41.2,98.3,-28,-4.8,28,4.8,-8.3,-36.4,-41.2,27190,14.7,1.4,26.200000000000003,2.9,31.7
2020_39079,2020,OH,JACKSON,-54.1,98.8,-28.6,-5,28.6,5,-20.5,-49.1,-54.1,14794,14.8,0.6,21.3,4,27.2
2020_39081,2020,OH,JEFFERSON,-38.4,98.5,-30.5,-2.9,30.5,2.9,-5,-35.5,-38.4,33362,17.5,1.3,19.7,3.1,32
2020_39083,2020,OH,KNOX,-43.8,98.5,-14.3,-5.6,14.3,5.6,-23.9,-38.2,-43.8,31398,22.6,1.3,31.5,2.6,31.5
2020_39099,2020,OH,MAHONING,-1.9,98.8,-25.1,-5.2,25.1,5.2,28.4,3.3,-1.9,118966,24.6,2.5,19.9,4.8,35.6
2020_39101,2020,OH,MARION,-38.7,98.1,-27.9,-4.3,27.9,4.3,-6.4,-34.3,-38.7,27818,12.9,1.4,21.6,3.2,34.6
2020_39111,2020,OH,MONROE,-54,98.9,-39.6,-6.8,39.6,6.8,-7.6,-47.2,-54,7148,12.1,0.6,19.2,2.4,28.8
2020_39115,2020,OH,MORGAN,-48.4,98.8,-35.9,-6.6,35.9,6.6,-6,-41.8,-48.4,6847,10.4,0.3,17.2,2.1,26.5
2020_39117,2020,OH,MORROW,-54.3,98.2,-25.2,-4.9,25.2,4.9,-24.3,-49.5,-54.3,18457,14.7,1.2,31.6,1.7,27.6
2020_39119,2020,OH,MUSKINGUM,-39.3,98.5,-28.9,-4.3,28.9,4.3,-6.1,-35,-39.3,40465,17.5,0.8,20.9,3.1,34.1
2020_39121,2020,OH,NOBLE,-62.5,99.4,-31,-7.2,31,7.2,-24.4,-55.3,-62.5,6343,11,0.5,22.3,1.9,30
2020_39123,2020,OH,OTTAWA,-23.4,98.5,-24,-3.8,24,3.8,4.3,-19.7,-23.4,24007,23.9,1.3,29.7,2.1,24.2
2020_39127,2020,OH,PERRY,-49.5,98.7,-36.6,-8.9,36.6,8.9,-4,-40.6,-49.5,16675,13,0.5,24.6,3.5,28.9
2020_39129,2020,OH,PICKAWAY,-47,98.7,-24.6,-4.4,24.6,4.4,-18,-42.6,-47,28271,18.6,1,31.5,2.5,38.7
2020_39131,2020,OH,PIKE,-48.7,98.8,-36.7,-12,36.7,12,-0,-36.7,-48.7,12412,14.2,0.3,17.5,2.6,29.7
2020_39135,2020,OH,PREBLE,-57.4,98.7,-17.8,-3.4,17.8,3.4,-36.3,-54.1,-57.4,21809,18.2,0.8999999999999999,31.3,2,25.4
2020_39141,2020,OH,ROSS,-35.2,98.6,-25.8,-7.9,25.8,7.9,-1.5,-27.3,-35.2,33299,16.2,1,23.4,3.2,34
2020_39143,2020,OH,SANDUSKY,-27.6,98.1,-25.5,-4.8,25.5,4.8,2.7,-22.8,-27.6,30074,16.5,1.7999999999999998,26.4,2.8,31.8
2020_39145,2020,OH,SCIOTO,-42.2,98.9,-35.8,-5.1,35.8,5.1,-1.3,-37.1,-42.2,32047,15.6,0.7000000000000001,15.7,3.3,34.7
2020_39147,2020,OH,SENECA,-34.2,98.2,-23.5,-3.2,23.5,3.2,-7.5,-30.9,-34.2,25810,17.3,2.1,24.5,2.6,37.7
2020_39155,2020,OH,TRUMBULL,-10.6,98.7,-29.3,-4.3,29.3,4.3,23,-6.3,-10.6,101001,19.2,1.5,20.4,2.6,34.5
2020_39157,2020,OH,TUSCARAWAS,-39.9,98.5,-26.5,-4.2,26.5,4.2,-9.2,-35.7,-39.9,44015,17.9,1.9,25.8,3.4,29.7
2020_39163,2020,OH,VINTON,-54.7,98.9,-38.3,-8.7,38.3,8.7,-7.7,-46,-54.7,6030,12.8,0.7000000000000001,18.2,3.2,26
2020_39175,2020,OH,WYANDOT,-50.3,98.3,-27.4,-3.5,27.4,3.5,-19.3,-46.8,-50.3,11390,19.3,1.4,28.499999999999996,2.1,27.2
2020_40001,2020,OK,ADAIR,-59.1,98.1,-17.6,-6.8,17.6,6.8,-34.6,-52.3,-59.1,7108,10.8,1.7999999999999998,9.7,2.6,30.6
2020_40005,2020,OK,ATOKA,-70.4,98.8,-17.5,-4.8,17.5,4.8,-48,-65.5,-70.4,5389,16.4,1.6,16.1,1.9,31.5
2020_40023,2020,OK,CHOCTAW,-62,99.1,-16.8,-4.2,16.8,4.2,-41,-57.9,-62,5832,13.5,1.4,11.9,3.7,28.5
2020_40029,2020,OK,COAL,-68,97.7,-17,-6,17,6,-45,-62,-68,2524,17.3,1.1,16,3.1,26.6
2020_40033,2020,OK,COTTON,-67,97.6,-16.2,-4.4,16.2,4.4,-46.4,-62.6,-67,2572,15.1,0.6,21.9,2.5,29.8
2020_40035,2020,OK,CRAIG,-57.5,97.9,-18.2,-5.1,18.2,5.1,-34.2,-52.4,-57.5,6032,14.4,1.7000000000000002,16.6,2.4,30.8
2020_40041,2020,OK,DELAWARE,-58.5,98.7,-13,-4.3,13,4.3,-41.2,-54.2,-58.5,17245,18.2,2,17.599999999999998,3,25.6
2020_40049,2020,OK,GARVIN,-64.2,98.4,-14.6,-3.5,14.6,3.5,-46,-60.7,-64.2,10922,15.8,3.5000000000000004,20.1,1.7,29.2
2020_40055,2020,OK,GREER,-64.7,98,-14.4,-3.6,14.4,3.6,-46.7,-61.1,-64.7,1973,12.3,1.3,19.6,2.4,34.6
2020_40061,2020,OK,HASKELL,-67.5,98.7,-14.9,-8,14.9,8,-44.6,-59.5,-67.5,5014,15.5,2.3,17.4,4.2,23.3
2020_40063,2020,OK,HUGHES,-60.9,98.7,-18.7,-7.2,18.7,7.2,-34.9,-53.6,-60.9,4857,14.8,1.6,12.6,3.4,41.3
2020_40067,2020,OK,JEFFERSON,-71.6,98.3,-19.8,-5.8,19.8,5.8,-46,-65.7,-71.6,2385,15.5,2.6,17.299999999999997,2.9,28
2020_40069,2020,OK,JOHNSTON,-63.6,98.3,-17.5,-6.2,17.5,6.2,-39.9,-57.4,-63.6,4251,22.7,1.6,17.599999999999998,3.3,29.1
2020_40075,2020,OK,KIOWA,-57.6,98.4,-17,-5.2,17,5.2,-35.4,-52.4,-57.6,3427,18.1,1.3,10,1.8,27.2
2020_40077,2020,OK,LATIMER,-63,98.8,-18.4,-6.2,18.4,6.2,-38.4,-56.8,-63,4249,15.4,1.7000000000000002,14.2,5,21.9
2020_40079,2020,OK,LE FLORE,-63.4,98.4,-17.6,-4.6,17.6,4.6,-41.1,-58.7,-63.4,18805,15.7,3.2,15.7,2.7,27.3
2020_40081,2020,OK,LINCOLN,-63.2,98.2,-11.1,-3.1,11.1,3.1,-49,-60.1,-63.2,14888,14.6,1,23.200000000000003,2.2,26.6
2020_40085,2020,OK,LOVE,-63.6,98.5,-17.3,-5.9,17.3,5.9,-40.4,-57.7,-63.6,4076,13.4,6.6000000000000005,25.7,3.1,31.2
2020_40095,2020,OK,MARSHALL,-62.5,98.8,-10.9,-5.9,10.9,5.9,-45.7,-56.6,-62.5,6064,15.2,7.000000000000001,21.1,1.7,24.5
2020_40097,2020,OK,MAYES,-55.1,98.2,-18.4,-3.4,18.4,3.4,-33.3,-51.7,-55.1,16626,14.5,1.1,22.2,3.1,26.7
2020_40091,2020,OK,MCINTOSH,-49.7,98.4,-18.7,-7.2,18.7,7.2,-23.7,-42.5,-49.7,8335,13.1,1.5,13.900000000000002,2.3,25.6
2020_40101,2020,OK,MUSKOGEE,-33.9,97.9,-14.4,-4.7,14.4,4.7,-14.8,-29.2,-33.9,25081,19.8,2.6,15.5,3.4,31.4
2020_40105,2020,OK,NOWATA,-66,98.4,-21.9,-5.1,21.9,5.1,-39,-60.9,-66,4391,13.5,1,15.8,3.5,25.3
2020_40107,2020,OK,OKFUSKEE,-53.5,97.9,-17,-6.4,17,6.4,-30,-47.1,-53.5,4038,11.4,1.6,14.9,2.5,33.2
2020_40111,2020,OK,OKMULGEE,-37.1,98,-15.2,-4.4,15.2,4.4,-17.5,-32.7,-37.1,14313,14.2,0.8999999999999999,18.4,4.4,34.3
2020_40115,2020,OK,OTTAWA,-51.2,98.2,-17.6,-4,17.6,4,-29.6,-47.2,-51.2,11438,15.3,2.5,14.7,2.7,32.3
2020_40117,2020,OK,PAWNEE,-57.5,97.7,-13.2,-4.3,13.2,4.3,-40,-53.2,-57.5,6786,17.7,0.3,23,2.1,25.9
2020_40121,2020,OK,PITTSBURG,-56.3,98.3,-14,-3.9,14,3.9,-38.3,-52.4,-56.3,17924,18.3,2.1999999999999997,20.200000000000003,3.6,27.7
2020_40127,2020,OK,PUSHMATAHA,-70.6,98.8,-13.7,-7.5,13.7,7.5,-49.5,-63.2,-70.6,4739,14.7,0.7000000000000001,12.8,3.9,23.7
2020_40135,2020,OK,SEQUOYAH,-59,98.5,-15.1,-4.8,15.1,4.8,-39.1,-54.2,-59,15386,13.8,1.7000000000000002,15.6,3,28.6
2020_40141,2020,OK,TILLMAN,-54.6,98.7,-14.2,-7.1,14.2,7.1,-33.4,-47.6,-54.6,2708,16.5,7.4,14.2,3.1,31.4
2020_41011,2020,OR,COOS,-20.5,97.3,-17.3,3.2,17.3,3.2,-6.4,-23.7,-20.5,37075,19.9,3.7,21.8,3.6,27.6
2020_41041,2020,OR,LINCOLN,16,97.1,-10.8,6.3,10.8,6.3,20.5,9.7,16,30726,27.7,4.8,22.8,3.5,27.8
2020_42031,2020,PA,CLARION,-50.8,98.8,-11.7,-3.4,11.7,3.4,-35.7,-47.4,-50.8,19493,23,0.8,22,3.5,34
2020_42059,2020,PA,GREENE,-43.4,99,-22.6,-3,22.6,3,-17.8,-40.4,-43.4,17669,17.7,0.8,27,2.4,33
2020_42069,2020,PA,LACKAWANNA,8.4,99.1,-23.8,4.9,23.8,4.9,27.3,3.5,8.4,115410,28.7,5.6000000000000005,25.5,2.5,37.2
2020_42079,2020,PA,LUZERNE,-14.4,99,-24.2,5.1,24.2,5.1,4.8,-19.4,-14.4,153321,23.6,7.000000000000001,24.8,3.7,38.3
2020_42081,2020,PA,LYCOMING,-41.3,98.6,-11.5,3.4,11.5,3.4,-33.2,-44.7,-41.3,59254,23.5,1.9,26.1,3,33.6
2020_42089,2020,PA,MONROE,6.4,98.8,-12.5,5.6,12.5,5.6,13.3,0.8,6.4,83829,25.8,10.1,37.2,3.8,36.1
2020_42097,2020,PA,NORTHUMBERLAND,-38.5,98.5,-23.3,4.2,23.3,4.2,-19.4,-42.7,-38.5,42283,17.9,1.3,21.6,2.4,34
2020_42103,2020,PA,PIKE,-19,99,-15,7,15,7,-11.1,-26.1,-19,32554,27.1,7.199999999999999,36.2,4.5,29.1
2020_42107,2020,PA,SCHUYLKILL,-39.9,98.6,-29.9,3.5,29.9,3.5,-13.4,-43.3,-39.9,70603,17,2,25.2,3,36
2020_42127,2020,PA,WAYNE,-33.6,99.1,-17.6,4.8,17.6,4.8,-20.8,-38.5,-33.6,28089,20.7,3.5999999999999996,26.700000000000003,2.6,34.6
2020_42131,2020,PA,WYOMING,-35.2,98.5,-25.4,3,25.4,3,-12.9,-38.2,-35.2,14858,20.7,1.3,30.3,2.9,31.8
2020_44003,2020,RI,KENT,7.6,97.9,-18.4,8.3,18.4,8.3,17.7,-0.7,7.6,93093,32.7,6.6000000000000005,42.9,2.9,32.8
2020_45001,2020,SC,ABBEVILLE,-33.1,99.1,-14.6,-5,14.6,5,-13.5,-28,-33.1,12433,18.3,2.4,16.7,2.6,32.2
2020_45023,2020,SC,CHESTER,-10.9,99,-15.4,-6.1,15.4,6.1,10.6,-4.8,-10.9,15757,13.7,1.7000000000000002,17.4,2.7,34.5
2020_45025,2020,SC,CHESTERFIELD,-20.5,99.2,-11.6,-5.7,11.6,5.7,-3.2,-14.8,-20.5,18876,12.4,2.5,15.7,5.5,32.5
2020_45087,2020,SC,UNION,-24.5,99,-13,-5.2,13,5.2,-6.3,-19.3,-24.5,13257,13.5,0.8999999999999999,15.1,4.4,30.3
2020_46003,2020,SD,AURORA,-52.3,97.4,-27.3,-7.3,27.3,7.3,-17.7,-45.1,-52.3,1405,20.3,4.5,34.300000000000004,0.2,34.4
2020_46007,2020,SD,BENNETT,-19.3,98.1,-15.6,2.8,15.6,2.8,-6.5,-22.1,-19.3,1183,22.4,1.7000000000000002,15.7,5.4,47.1
2020_46009,2020,SD,BON HOMME,-50.4,98.5,-25.5,-3.3,25.5,3.3,-21.6,-47.1,-50.4,3001,20.3,0.8999999999999999,22.4,2.1,40.4
2020_46017,2020,SD,BUFFALO,30.8,97.4,-22.2,5.3,22.2,5.3,47.7,25.5,30.8,549,8.1,0,10.2,12.6,52.2
2020_46019,2020,SD,BUTTE,-58.1,97.3,-11.9,3,11.9,3,-49.2,-61.2,-58.1,4802,21.5,1,21.7,3.9,26.9
2020_46023,2020,SD,CHARLES MIX,-36.3,98.6,-22.3,5.8,22.3,5.8,-19.8,-42.1,-36.3,3783,20.2,0.8,24.1,5.3,34.9
2020_46025,2020,SD,CLARK,-50.6,97.8,-25.3,-5.9,25.3,5.9,-19.4,-44.7,-50.6,1850,18.9,2.4,22.8,2.3,27.1
2020_46037,2020,SD,DAY,-27.6,98.5,-29.9,-3.8,29.9,3.8,6.2,-23.8,-27.6,2964,22.1,0.6,19.6,0.9,24.9
2020_46039,2020,SD,DEUEL,-46.4,98.2,-27.5,-8.1,27.5,8.1,-10.8,-38.3,-46.4,2350,22.7,1.7000000000000002,36.1,0.9,23.8
2020_46041,2020,SD,DEWEY,17.3,97.7,-19,7.7,19,7.7,28.7,9.7,17.3,1966,17.2,1,18.9,14.4,43.4
2020_46043,2020,SD,DOUGLAS,-73.3,98.7,-10.7,-3.3,10.7,3.3,-59.3,-70,-73.3,1707,18.2,0.8999999999999999,31.6,0.3,20.5
2020_46049,2020,SD,FAULK,-64.8,98.3,-20,-6.3,20,6.3,-38.5,-58.5,-64.8,1182,28.6,0,21.7,3,24.5
2020_46073,2020,SD,JERAULD,-44.8,98.5,-31.2,-5.1,31.2,5.1,-8.5,-39.7,-44.8,1006,21.3,3.2,21.6,0.2,21.1
2020_46085,2020,SD,LYMAN,-32.4,98.1,-21.9,10.4,21.9,10.4,-20.9,-42.8,-32.4,1597,23.1,0.7000000000000001,25.8,4,42.4
2020_46091,2020,SD,MARSHALL,-19.7,98.5,-24.2,-4.2,24.2,4.2,8.7,-15.5,-19.7,2178,25.8,4.2,36.7,1.8,28
2020_46093,2020,SD,MEADE,-48.2,96.3,-10.6,5.3,10.6,5.3,-42.9,-53.5,-48.2,13670,26.1,2.1999999999999997,32,1.7,33.8
2020_46095,2020,SD,MELLETTE,-19.6,97.1,-23.2,4.4,23.2,4.4,-0.8,-24,-19.6,769,13.2,0,9.3,4.4,42.1
2020_46111,2020,SD,SANBORN,-54.7,98.1,-24.7,-3.2,24.7,3.2,-26.8,-51.5,-54.7,1185,19.6,1,26.5,1.1,26.4
2020_46115,2020,SD,SPINK,-35,98.1,-19.5,-3.3,19.5,3.3,-12.2,-31.7,-35,3163,26.2,1.4,31.9,1.6,30.1
2020_46117,2020,SD,STANLEY,-47.3,98.3,-11.5,4.9,11.5,4.9,-40.8,-52.3,-47.3,1652,28.5,1,39.5,0,24
2020_46119,2020,SD,SULLY,-58.2,98,-10.7,4.8,10.7,4.8,-52.2,-63,-58.2,930,21.8,0,30.6,0.4,18.4
2020_46121,2020,SD,TODD,56.4,98.3,-11.3,8.5,11.3,8.5,59.2,47.9,56.4,2539,13.7,2.9000000000000004,1.5,4.2,62.9
2020_46129,2020,SD,WALWORTH,-54.3,98.1,-15,3.8,15,3.8,-43.1,-58.1,-54.3,2580,21.5,1,23.4,3.2,32
2020_46137,2020,SD,ZIEBACH,8.5,97.7,-18.4,10.5,18.4,10.5,16.4,-2,8.5,906,16.1,0.4,11.5,20.6,56
2020_47005,2020,TN,BENTON,-57,99.1,-25.7,-5.8,25.7,5.8,-25.6,-51.2,-57,7260,12.8,1.7000000000000002,13.4,3.3,26
2020_47007,2020,TN,BLEDSOE,-65.2,98.9,-18.2,-6.8,18.2,6.8,-40.3,-58.4,-65.2,5758,11.4,3,21.7,3.7,35.3
2020_47013,2020,TN,CAMPBELL,-66.2,98.9,-17.2,-5.4,17.2,5.4,-43.6,-60.8,-66.2,14933,13,1,15.6,5.5,28.1
2020_47015,2020,TN,CANNON,-59.9,98.4,-19.1,-5.7,19.1,5.7,-35.1,-54.2,-59.9,6557,16.3,1.4,24.2,1.7,26.3
2020_47017,2020,TN,CARROLL,-55.8,98.8,-17.7,-3.5,17.7,3.5,-34.6,-52.3,-55.8,11905,18.7,1.4,16.5,2.1,28.8
2020_47027,2020,TN,CLAY,-57,98.9,-23.9,-7.9,23.9,7.9,-25.2,-49.1,-57,3506,13,2.1999999999999997,7.8,2.4,20.3
2020_47033,2020,TN,CROCKETT,-53.8,99,-11.2,-4.2,11.2,4.2,-38.5,-49.6,-53.8,6114,15.2,4.5,20.3,2.4,28.5
2020_47039,2020,TN,DECATUR,-63.4,97.9,-21.7,-4.8,21.7,4.8,-37,-58.7,-63.4,5241,14.3,0.3,14.499999999999998,4,22
2020_47041,2020,TN,DEKALB,-57.8,98.9,-21.1,-6,21.1,6,-30.7,-51.8,-57.8,8513,18.9,5.5,17.7,2.6,24.6
2020_47049,2020,TN,FENTRESS,-71.3,99.2,-13.9,-4,13.9,4,-53.4,-67.3,-71.3,8729,16.6,0.6,14.3,3.2,25.8
2020_47051,2020,TN,FRANKLIN,-47.7,98.5,-14.7,-4,14.7,4,-28.9,-43.6,-47.7,19132,20.8,2.8000000000000003,20.4,2.2,30.3
2020_47053,2020,TN,GIBSON,-47,98.6,-11.5,-3.3,11.5,3.3,-32.1,-43.6,-47,22335,17.9,1.4,18.6,3.2,30.2
2020_47055,2020,TN,GILES,-49.1,99.1,-16.2,-3.8,16.2,3.8,-29.2,-45.4,-49.1,13203,17.9,1.6,22.1,3,30.7
2020_47061,2020,TN,GRUNDY,-65.1,98.9,-34.8,-9.8,34.8,9.8,-20.6,-55.4,-65.1,5855,13.4,0.8999999999999999,16.7,4.3,26
2020_47067,2020,TN,HANCOCK,-73.3,99.6,-16.8,-5.1,16.8,5.1,-51.4,-68.2,-73.3,2744,10.7,0.8999999999999999,4.8,5.3,31.3
2020_47069,2020,TN,HARDEMAN,-15.7,98.8,-13.8,-7.8,13.8,7.8,5.9,-7.9,-15.7,10063,10.5,1.1,13.900000000000002,6,41.9
2020_47071,2020,TN,HARDIN,-67.5,98.2,-12.6,-3.2,12.6,3.2,-51.6,-64.2,-67.5,11538,16.5,0.8,16,2.3,25
2020_47081,2020,TN,HICKMAN,-55.4,98.7,-22.4,-5.9,22.4,5.9,-27.1,-49.5,-55.4,9832,9.4,1.1,20.200000000000003,1.7,34.5
2020_47083,2020,TN,HOUSTON,-50.1,97.4,-35.6,-8.6,35.6,8.6,-5.9,-41.5,-50.1,3686,13.4,0.5,17,2.9,33.6
2020_47085,2020,TN,HUMPHREYS,-49.8,98.8,-27.9,-8.4,27.9,8.4,-13.5,-41.4,-49.8,8236,14.8,1.4,20.9,5,26.6
2020_47087,2020,TN,JACKSON,-56,98.7,-31.8,-8.9,31.8,8.9,-15.4,-47.2,-56,5323,11.6,1.2,10.9,3.9,29.1
2020_47095,2020,TN,LAKE,-47.5,99.2,-26.2,-7.9,26.2,7.9,-13.4,-39.6,-47.5,2034,10.1,1.3,9.6,3.8,49.2
2020_47097,2020,TN,LAUDERDALE,-27.7,98.9,-15.6,-5.1,15.6,5.1,-7,-22.6,-27.7,8965,9.6,1.9,15.7,3.4,36.8
2020_47099,2020,TN,LAWRENCE,-64.9,99,-18.3,-3.6,18.3,3.6,-42.9,-61.3,-64.9,18718,13.9,1.2,17.2,4.5,28.5
2020_47115,2020,TN,MARION,-50.8,98.7,-22.5,-6,22.5,6,-22.3,-44.8,-50.8,13256,12.5,0.8999999999999999,22.2,2.9,25.4
2020_47117,2020,TN,MARSHALL,-50,98.5,-17.6,-3.4,17.6,3.4,-28.9,-46.5,-50,14878,16.2,2.5,26.4,3.9,25.4
2020_47109,2020,TN,MCNAIRY,-63.4,97.9,-15.1,-3.7,15.1,3.7,-44.6,-59.7,-63.4,11275,13.1,1,14.4,3.4,25.6
2020_47121,2020,TN,MEIGS,-62.5,99,-17.9,-5,17.9,5,-39.6,-57.5,-62.5,5532,10.2,1.7999999999999998,22.8,4.6,21.2
2020_47123,2020,TN,MONROE,-62.6,98.8,-14.6,-3,14.6,3,-45,-59.6,-62.6,20797,15.3,2.3,18.7,3.5,24.8
2020_47127,2020,TN,MOORE,-65.4,97.8,-14.3,-2.9,14.3,2.9,-48.2,-62.5,-65.4,3539,19.4,2.9000000000000004,33.2,2.1,25.4
2020_47129,2020,TN,MORGAN,-70,98.4,-20.2,-4.6,20.2,4.6,-45.3,-65.4,-70,8228,11.4,0.6,15.5,3.3,35.2
2020_47133,2020,TN,OVERTON,-58.6,99.1,-24.3,-8.6,24.3,8.6,-25.7,-50,-58.6,10037,12.5,0.6,11.4,2,24.5
2020_47135,2020,TN,PERRY,-63,98.9,-32.6,-8,32.6,8,-22.4,-55,-63,3428,8.6,1.7999999999999998,21.2,4.3,28.9
2020_47137,2020,TN,PICKETT,-63.3,99.1,-16,-6.5,16,6.5,-40.8,-56.8,-63.3,2931,13.5,1.3,16.7,2.3,18.3
2020_47139,2020,TN,POLK,-63.4,99.1,-21.8,-4.4,21.8,4.4,-37.2,-59,-63.4,8360,12.6,1.7000000000000002,18.5,3.5,23.8
2020_47143,2020,TN,RHEA,-63.7,98.4,-11.9,-2.9,11.9,2.9,-48.9,-60.7,-63.7,13637,16.6,2.7,19.1,4.7,28.1
2020_47151,2020,TN,SCOTT,-77.5,99.3,-16.8,-5.8,16.8,5.8,-55,-71.7,-77.5,9052,9.2,0.3,11.9,4.2,25.4
2020_47153,2020,TN,SEQUATCHIE,-62.8,98.6,-19.6,-3.3,19.6,3.3,-39.9,-59.5,-62.8,7252,14.7,2.6,17.599999999999998,2.4,27.5
2020_47159,2020,TN,SMITH,-58.9,98.8,-22.6,-7.8,22.6,7.8,-28.6,-51.2,-58.9,9051,17.2,2.1999999999999997,21.1,2.2,25.6
2020_47161,2020,TN,STEWART,-59.1,98.2,-32.4,-9.2,32.4,9.2,-17.5,-49.9,-59.1,6296,18.2,1.7000000000000002,21.8,3.3,26.6
2020_47169,2020,TN,TROUSDALE,-48.1,98.7,-23.8,-11.5,23.8,11.5,-12.8,-36.6,-48.1,3998,11.6,0.8999999999999999,27.800000000000004,2.5,40.4
2020_47173,2020,TN,UNION,-68.4,99.1,-16.6,-3.7,16.6,3.7,-48.1,-64.7,-68.4,8123,11.1,0.5,18.3,3.5,24.8
2020_47175,2020,TN,VAN BUREN,-61.6,98.8,-30.7,-8.6,30.7,8.6,-22.2,-53,-61.6,2921,8.6,1.3,20.3,2.6,21.5
2020_47177,2020,TN,WARREN,-49.5,98.5,-19.1,-5.4,19.1,5.4,-25,-44.1,-49.5,16009,13.7,5.6000000000000005,16.3,2.2,28.7
2020_47185,2020,TN,WHITE,-62.7,98.8,-22.1,-3.4,22.1,3.4,-37.2,-59.3,-62.7,11895,12.7,1,17.599999999999998,2.6,24
2020_47187,2020,TN,WILLIAMSON,-26.1,98.3,11.5,8.9,11.5,8.9,-46.5,-35,-26.1,139016,60.5,7.6,71.2,1.7,25.4
2020_48013,2020,TX,ATASCOSA,-34,98.9,-10.7,-5,10.7,5,-18.3,-29,-34,18118,15.3,7.4,29.6,4.1,30.9
2020_48041,2020,TX,BRAZOS,-14.3,97.4,12,8.9,12,8.9,-35.3,-23.2,-14.3,85061,41.4,12.8,22.4,2.7,51.9
2020_48079,2020,TX,COCHRAN,-63.2,98.6,-11.4,-8.9,11.4,8.9,-42.9,-54.3,-63.2,1000,8.2,12.7,15,5.7,35.8
2020_48085,2020,TX,COLLIN,-4.4,98.5,14.8,12.4,14.8,12.4,-31.5,-16.7,-4.4,490856,53.2,21.3,62.7,2.8,30
2020_48101,2020,TX,COTTLE,-64.5,98.6,-17,3.1,17,3.1,-50.6,-67.6,-64.5,662,18.9,0.2,14.4,5.1,35.6
2020_48105,2020,TX,CROCKETT,-55.7,99.4,-10.8,-12.1,10.8,12.1,-32.7,-43.6,-55.7,1574,9.7,9.5,19.6,0,24.6
2020_48107,2020,TX,CROSBY,-44.5,98.5,-13.7,-3.2,13.7,3.2,-27.6,-41.3,-44.5,1953,14.9,4.6,16.2,3.2,30.4
2020_48113,2020,TX,DALLAS,31.7,98.5,10.6,5.6,10.6,5.6,15.5,26.1,31.7,919504,32.5,24.3,31.7,3.5,40.5
2020_48121,2020,TX,DENTON,-8.1,98.4,11.6,11.9,11.6,11.9,-31.6,-20,-8.1,417964,45.8,15.6,54.50000000000001,2.8,32.8
2020_48125,2020,TX,DICKENS,-73.2,99.5,-12.4,-4.2,12.4,4.2,-56.6,-69,-73.2,988,18.6,7.9,15.1,3,26.6
2020_48131,2020,TX,DUVAL,2.6,99.3,-18.9,-32.6,18.9,32.6,54.1,35.2,2.6,5053,9.2,4.3999999999999995,18.5,4.8,46.8
2020_48141,2020,TX,EL PASO,35.2,98.4,10.8,-8,10.8,8,32.4,43.1,35.2,266729,24,23.9,20.8,3.7,38.9
2020_48151,2020,TX,FISHER,-60,98.6,-14.1,-10.2,14.1,10.2,-35.7,-49.9,-60,1826,20.3,2.1999999999999997,24.3,1.7,23.7
2020_48155,2020,TX,FOARD,-62.8,98.7,-10.6,-10.2,10.6,10.2,-42,-52.6,-62.8,551,12.8,3.1,13.6,5.1,26.6
2020_48157,2020,TX,FORT BEND,10.6,98.8,13.5,3.9,13.5,3.9,-6.8,6.6,10.6,357514,46.5,28.6,62.4,3.8,30.5
2020_48175,2020,TX,GOLIAD,-55.3,99.2,-10.7,-10.9,10.7,10.9,-33.7,-44.4,-55.3,3995,15.9,3.9,22.2,2.2,30.1
2020_48191,2020,TX,HALL,-70.7,99.5,-15.7,-3.9,15.7,3.9,-51.1,-66.8,-70.7,1169,18.3,10.2,14.3,6,26.6
2020_48207,2020,TX,HASKELL,-67.2,99.1,-18.3,-5.6,18.3,5.6,-43.3,-61.5,-67.2,2214,16.7,8.6,21.4,3.7,32.7
2020_48253,2020,TX,JONES,-69.1,98.8,-10.6,-4,10.6,4,-54.5,-65.2,-69.1,6741,11.8,3.7,24.2,2,45.8
2020_48311,2020,TX,MCMULLEN,-78.9,99.4,-10.6,4.1,10.6,4.1,-72.4,-83,-78.9,516,14.8,5.1,36.1,3.1,29.8
2020_48335,2020,TX,MITCHELL,-68.7,99.5,-12.3,-3.8,12.3,3.8,-52.6,-64.9,-68.7,2579,12.1,3.5000000000000004,18.1,1.4,45.7
2020_48351,2020,TX,NEWTON,-60.9,99.4,-15.1,-4.3,15.1,4.3,-41.5,-56.6,-60.9,6094,8.8,1,14.7,5.7,26.7
2020_48395,2020,TX,ROBERTSON,-40.4,99,-12.8,-5.4,12.8,5.4,-22.2,-35,-40.4,8099,18.4,4.3999999999999995,25.3,5.3,27.3
2020_48427,2020,TX,STARR,5,99.1,-13.1,-55.2,13.1,55.2,73.3,60.2,5,17525,10.9,27.500000000000004,6.9,7.7,40.2
2020_48431,2020,TX,STERLING,-83.4,99.4,11,-7.7,11,7.7,-86.6,-75.7,-83.4,639,18.4,11.1,24.8,0.7,25.1
2020_48453,2020,TX,TRAVIS,45.1,98.1,14.7,6.5,14.7,6.5,23.9,38.6,45.1,608575,51.5,17,46.8,3.1,42.9
2020_48457,2020,TX,TYLER,-70.3,99.3,-11.6,-3.2,11.6,3.2,-55.4,-67.1,-70.3,9660,14.2,3.2,20.5,5.9,33.6
2020_48491,2020,TX,WILLIAMSON,1.4,97.9,11.8,11.1,11.8,11.1,-21.5,-9.7,1.4,289555,41.9,13,54.900000000000006,3.4,32.5
2020_49003,2020,UT,BOX ELDER,-63.2,96.3,27.5,-12.8,27.5,12.8,-77.9,-50.4,-63.2,27023,23.7,3.1,33.1,2,28.1
2020_49005,2020,UT,CACHE,-36.6,93.7,40.8,-9.4,40.8,9.4,-68.1,-27.2,-36.6,58358,38.5,6.4,30.6,2,35.8
2020_49011,2020,UT,DAVIS,-27.5,95.1,37.8,-3.4,37.8,3.4,-61.9,-24.2,-27.5,169814,38.2,5.3,52.3,1.8,29.3
2020_49017,2020,UT,GARFIELD,-60.2,97.8,16.6,-6.9,16.6,6.9,-69.8,-53.2,-60.2,2732,25.4,2.8000000000000003,17.599999999999998,1.7,26.9
2020_49021,2020,UT,IRON,-56.2,95.1,20.6,-4.5,20.6,4.5,-72.2,-51.6,-56.2,25104,28.9,4,23.799999999999997,3,32.4
2020_49023,2020,UT,JUAB,-75.7,97.7,18.4,-18.6,18.4,18.6,-75.5,-57.1,-75.7,5865,18.7,2.9000000000000004,36.9,2.3,31.3
2020_49027,2020,UT,MILLARD,-77.2,97.4,15.1,-11.8,15.1,11.8,-80.5,-65.4,-77.2,6190,22.4,6.1,32.800000000000004,2.3,22.5
2020_49029,2020,UT,MORGAN,-62,94.9,30.4,-11.7,30.4,11.7,-80.7,-50.3,-62,6606,38.4,1.7000000000000002,62.6,1,23
2020_49033,2020,UT,RICH,-71.4,97.7,20.1,-8.9,20.1,8.9,-82.6,-62.5,-71.4,1369,22,4.8,33.300000000000004,1.4,31.7
2020_49039,2020,UT,SANPETE,-68.6,97.1,22.6,-13.4,22.6,13.4,-77.8,-55.2,-68.6,12625,20.7,5.3,26.9,2.4,35.2
2020_49043,2020,UT,SUMMIT,19.1,97.7,20,3.8,20,3.8,-4.6,15.4,19.1,26086,56.1,9.6,67.80000000000001,1.5,31.8
2020_49045,2020,UT,TOOELE,-38.3,95.1,20.4,-8.1,20.4,8.1,-50.6,-30.2,-38.3,31506,23.1,4.1000000000000005,43.6,3.6,30.8
2020_49047,2020,UT,UINTAH,-75.8,97.5,12.5,-6.9,12.5,6.9,-81.4,-68.9,-75.8,15303,16.3,2.5,29.799999999999997,4.2,33.6
2020_49049,2020,UT,UTAH,-41.1,94.6,42,-4.5,42,4.5,-78.6,-36.5,-41.1,284286,41.1,7.3,43.9,2.6,34.7
2020_49055,2020,UT,WAYNE,-53.3,98.3,17,-4.4,17,4.4,-65.9,-48.9,-53.3,1621,24,5.800000000000001,21.6,1,23.7
2020_50003,2020,VT,BENNINGTON,26.5,96,-12.3,5.7,12.3,5.7,33.1,20.8,26.5,19357,37.5,2.9000000000000004,28.799999999999997,2.5,33.5
2020_50005,2020,VT,CALEDONIA,17.2,95.3,-16.2,10.7,16.2,10.7,22.7,6.5,17.2,15158,30.7,2.1999999999999997,24.2,1.9,32.9
2020_50009,2020,VT,ESSEX,-6.5,95.7,-30.1,10.2,30.1,10.2,13.4,-16.6,-6.5,4237,18.4,2.7,19.8,2.9,26.8
2020_50011,2020,VT,FRANKLIN,9,95.5,-20.6,6.2,20.6,6.2,23.4,2.8,9,26072,26.5,2.6,34.5,2.9,32.3
2020_50013,2020,VT,GRAND ISLE,19.9,95.8,-11.2,5.2,11.2,5.2,26,14.8,19.9,5782,42.2,4.2,47.599999999999994,2.8,28.3
2020_50015,2020,VT,LAMOILLE,42.1,95.3,-13.2,13.3,13.2,13.3,42,28.8,42.1,15679,41,3.3000000000000003,33.6,2.6,33.3
2020_50019,2020,VT,ORLEANS,4.3,96.1,-23.8,4.1,23.8,4.1,24,0.2,4.3,15442,24.2,3.9,25.7,2.6,29.5
2020_50021,2020,VT,RUTLAND,11.9,96,-18,7.9,18,7.9,21.9,3.9,11.9,34772,32.2,2.4,27.9,2.2,32
2020_51003,2020,VA,ALBEMARLE,33.5,97.9,12.8,8.7,12.8,8.7,12,24.8,33.5,64657,58.7,10.3,50,2.1,33.2
2020_51510,2020,VA,ALEXANDRIA CITY,62.6,97.9,14.5,4.6,14.5,4.6,43.5,58,62.6,82521,65.1,26.1,64,2.5,40.2
2020_51005,2020,VA,ALLEGHANY,-44.1,98.8,-34.3,-7.1,34.3,7.1,-2.7,-37,-44.1,8203,14.6,1.2,21,2.3,28.9
2020_51013,2020,VA,ARLINGTON,63.5,97.6,19.4,4.3,19.4,4.3,39.8,59.2,63.5,130739,75.8,22.6,80.4,2.2,45.9
2020_51017,2020,VA,BATH,-47.5,99.2,-24.9,-5.6,24.9,5.6,-17.1,-41.9,-47.5,2501,17.4,2,26.6,3.6,27.6
2020_51520,2020,VA,BRISTOL CITY,-38.8,98,-12.5,4.6,12.5,4.6,-31,-43.5,-38.8,7814,21.8,0.4,13.900000000000002,3.7,34.7
2020_51027,2020,VA,BUCHANAN,-67.5,99.4,-25.6,-7.2,25.6,7.2,-34.6,-60.3,-67.5,9957,11.8,1.6,9.6,2.4,29.7
2020_51035,2020,VA,CARROLL,-62.7,99,-20.2,-3.4,20.2,3.4,-39.1,-59.3,-62.7,15657,14.8,2.1,17.8,2.3,26.8
2020_51540,2020,VA,CHARLOTTESVILLE CITY,72.7,98.3,13,6.2,13,6.2,53.5,66.5,72.7,24213,55.7,11.3,29.9,2.6,53.1
2020_51580,2020,VA,COVINGTON CITY,-23.7,97.7,-33,-5.4,33,5.4,14.8,-18.3,-23.7,2603,15.1,3,15,1.4,27.3
2020_51045,2020,VA,CRAIG,-61.5,98.5,-22.5,-4.3,22.5,4.3,-34.8,-57.2,-61.5,3170,21.7,0.3,28.4,1,19.3
2020_51059,2020,VA,FAIRFAX,41.8,97.9,15.3,6,15.3,6,20.5,35.8,41.8,601243,62.1,30.9,84.6,2.8,34.1
2020_51600,2020,VA,FAIRFAX CITY,38.3,97.7,14.3,7.8,14.3,7.8,16.1,30.5,38.3,13487,60.3,29.5,70,2.8,34.6
2020_51610,2020,VA,FALLS CHURCH CITY,64.1,97.9,18.5,6.2,18.5,6.2,39.4,57.9,64.1,8819,79.1,17,99.8,3.3,32
2020_51063,2020,VA,FLOYD,-34.2,98.1,-11.8,3,11.8,3,-25.4,-37.2,-34.2,9412,21.7,3.2,23.200000000000003,1.8,22.6
2020_51071,2020,VA,GILES,-51.4,98.4,-22.7,-3.2,22.7,3.2,-25.5,-48.2,-51.4,9178,19.5,1.3,28.000000000000004,2.4,30
2020_51073,2020,VA,GLOUCESTER,-35.5,98,-11.3,3.7,11.3,3.7,-27.9,-39.2,-35.5,22284,24,1.5,39.5,2.2,27.1
2020_51077,2020,VA,GRAYSON,-61.4,99.2,-19.1,-4,19.1,4,-38.4,-57.4,-61.4,8131,16,2.6,15.4,2.2,29.5
2020_51097,2020,VA,KING AND QUEEN,-20.9,98.2,-13.8,-3.8,13.8,3.8,-3.3,-17.1,-20.9,4115,25.8,0.5,34.5,2.2,23.7
2020_51105,2020,VA,LEE,-69.1,99.1,-18.5,-6.2,18.5,6.2,-44.4,-62.9,-69.1,9947,9.6,1.4,10.2,4.1,33.6
2020_51107,2020,VA,LOUDOUN,25,98,12.4,8.2,12.4,8.2,4.5,16.8,25,224976,61.6,25.2,100,2.7,28.7
2020_51720,2020,VA,NORTON CITY,-40.3,98.3,-21.6,3.4,21.6,3.4,-22.1,-43.7,-40.3,1601,20.2,0,6.6000000000000005,4.5,34.3
2020_51137,2020,VA,ORANGE,-21.4,98.4,-11.9,5.1,11.9,5.1,-14.5,-26.4,-21.4,20754,25.7,4.3,41.8,3.4,29.5
2020_51141,2020,VA,PATRICK,-58,99,-16.2,-3,16.2,3,-38.8,-55,-58,9535,14.9,1.3,19.7,2,21.2
2020_51163,2020,VA,ROCKBRIDGE,-32.3,98.4,-11.6,-3,11.6,3,-17.8,-29.4,-32.3,12377,27.6,3.1,25.5,2.7,30.6
2020_51167,2020,VA,RUSSELL,-63.5,99,-21.8,-4.8,21.8,4.8,-36.9,-58.7,-63.5,13386,10.2,0.8,13,2.9,25.1
2020_53015,2020,WA,COWLITZ,-17.4,96.8,-18.2,-3.7,18.2,3.7,4.4,-13.7,-17.4,60280,17,3.9,29.2,3.6,32.3
2020_53041,2020,WA,LEWIS,-32.8,96.9,-13.3,3.3,13.3,3.3,-22.9,-36.1,-32.8,45309,19.1,4.9,26.200000000000003,3.6,30.9
2020_53049,2020,WA,PACIFIC,-1.1,97.7,-18.4,5.8,18.4,5.8,11.5,-6.9,-1.1,14064,20.3,6.3,22.9,2.4,26.1
2020_53059,2020,WA,SKAMANIA,-9.5,96.8,-11.3,2.9,11.3,2.9,-1.1,-12.3,-9.5,7312,26,4.3999999999999995,37.7,3.3,27.7
2020_54003,2020,WV,BERKELEY,-31.2,97.9,-16,5.9,16,5.9,-21.2,-37.2,-31.2,51535,22.8,3.8,34.4,4,30.8
2020_54007,2020,WV,BRAXTON,-47,98.5,-28.4,-3.5,28.4,3.5,-15.1,-43.5,-47,5664,14,0.1,17.2,6.2,28.7
2020_54011,2020,WV,CABELL,-18,98.3,-11.7,7.4,11.7,7.4,-13.7,-25.4,-18,37360,27.1,1.4,15.4,3,39
2020_54037,2020,WV,JEFFERSON,-10.5,98,-11.4,4.8,11.4,4.8,-3.9,-15.3,-10.5,27703,31.6,4.9,48.3,3.7,32.5
2020_54049,2020,WV,MARION,-28.7,97.7,-19.1,4.8,19.1,4.8,-14.4,-33.5,-28.7,25794,23.1,1.2,24.5,3.3,33.1
2020_54047,2020,WV,MCDOWELL,-58.4,99.3,-21.5,-7,21.5,7,-29.9,-51.4,-58.4,6527,6.8,0.8999999999999999,3,4.3,30.8
2020_54057,2020,WV,MINERAL,-57.3,98.7,-15.6,3.4,15.6,3.4,-45.1,-60.7,-57.3,12872,17.6,0.4,23.6,4.1,29.9
2020_54073,2020,WV,PLEASANTS,-58.5,98.6,-24.5,-3.4,24.5,3.4,-30.6,-55.1,-58.5,3491,10.7,0.5,26.6,4.1,31.8
2020_54075,2020,WV,POCAHONTAS,-46.1,98.4,-18.4,-3.1,18.4,3.1,-24.6,-43,-46.1,4008,13.6,0.8,12.3,3.3,24.5
2020_54079,2020,WV,PUTNAM,-42.7,97.9,-10.7,5.2,10.7,5.2,-37.1,-47.8,-42.7,28501,26.3,1.3,33.4,2.1,26.1
2020_54097,2020,WV,UPSHUR,-54,98.1,-11.1,2.9,11.1,2.9,-45.7,-56.8,-54,10221,16.2,0.6,14.8,3.1,30.4
2020_54101,2020,WV,WEBSTER,-63.2,99,-30.9,-4.5,30.9,4.5,-27.7,-58.6,-63.2,3402,10.5,0,8.9,5.1,27.7
2020_54107,2020,WV,WOOD,-42,98.4,-15.6,5.8,15.6,5.8,-32.2,-47.8,-42,38762,22,1.1,21.2,2.7,28.4
2020_55001,2020,WI,ADAMS,-25.7,98.9,-30.5,-3.9,30.5,3.9,8.7,-21.8,-25.7,11818,14.8,2.9000000000000004,21.3,2.8,26
2020_55007,2020,WI,BAYFIELD,14.1,98.9,-16.1,5.4,16.1,5.4,24.8,8.7,14.1,10880,32.1,1.2,28.000000000000004,2.3,22.3
2020_55011,2020,WI,BUFFALO,-25.3,98.4,-24.6,-3.5,24.6,3.5,2.9,-21.7,-25.3,7816,19.1,1.5,28.9,1.4,26.5
2020_55019,2020,WI,CLARK,-36.8,97.5,-23.5,-4.3,23.5,4.3,-9,-32.5,-36.8,14898,13.4,2.5,25.8,1.9,28.9
2020_55041,2020,WI,FOREST,-31,99.1,-32,-4.4,32,4.4,5.4,-26.5,-31,5053,15.2,0.8,20.9,2.6,28.8
2020_55053,2020,WI,JACKSON,-15.1,98.7,-26.7,-3.4,26.7,3.4,15,-11.7,-15.1,10184,15.6,1.9,26.4,3.1,35
2020_55057,2020,WI,JUNEAU,-29.2,98.4,-33,-3.2,33,3.2,7,-26,-29.2,13709,15,2.4,25.3,2.2,32.8
2020_55061,2020,WI,KEWAUNEE,-32.7,98.4,-22.4,-4.8,22.4,4.8,-5.4,-27.8,-32.7,12095,19.9,2.4,37,1.3,27.8
2020_55065,2020,WI,LAFAYETTE,-13.7,99,-24.4,-4.7,24.4,4.7,15.4,-9,-13.7,8555,19.4,2.4,31.1,1.1,29.6
2020_55077,2020,WI,MARQUETTE,-27.4,98.8,-24.4,-3.2,24.4,3.2,0.3,-24.1,-27.4,9065,14.2,1.7999999999999998,24.8,2.4,25.8
2020_55078,2020,WI,MENOMINEE,64.5,99.4,-16.1,7.1,16.1,7.1,73.5,57.4,64.5,1590,17.1,0.2,19.9,5.2,48
2020_55083,2020,WI,OCONTO,-41,98.8,-27.4,-4.1,27.4,4.1,-9.4,-36.9,-41,23215,17,0.8999999999999999,33.800000000000004,1.6,25
2020_55085,2020,WI,ONEIDA,-14.8,98.4,-16.5,3.9,16.5,3.9,-2.1,-18.7,-14.8,24159,26.3,1.2,28.7,1.3,26.6
2020_55089,2020,WI,OZAUKEE,-12,98.3,11.5,6.8,11.5,6.8,-30.3,-18.8,-12,61486,49.6,5.3,49.8,1.8,29
2020_55091,2020,WI,PEPIN,-26.4,98.3,-25.2,-3.4,25.2,3.4,2.2,-23,-26.4,4144,20.1,1.4,29.2,1.6,24.5
2020_55103,2020,WI,RICHLAND,-9.7,98.4,-21.7,-4.2,21.7,4.2,16.1,-5.5,-9.7,9014,19.7,2.1999999999999997,23.799999999999997,1.3,28.1
2020_55113,2020,WI,SAWYER,-13.4,99,-18.9,5,18.9,5,0.5,-18.4,-13.4,10510,24.9,1.6,23.799999999999997,2.9,24.6
2020_55121,2020,WI,TREMPEALEAU,-16.6,98.3,-26.7,-3.9,26.7,3.9,14.1,-12.6,-16.6,15380,19,4,29.9,1.7,31.2
2020_55125,2020,WI,VILAS,-21.8,98.7,-12,3.1,12,3.1,-13,-25,-21.8,15369,27.7,1.4,22.2,3,21.7
2020_55139,2020,WI,WINNEBAGO,-4,97.7,-11.1,3.4,11.1,3.4,3.7,-7.3,-4,94032,29,3.5000000000000004,30.2,1.9,39.1
2020_56007,2020,WY,CARBON,-53.5,96,-17.8,-4.4,17.8,4.4,-31.3,-49.1,-53.5,6706,20.5,5.1,32.2,2.2,30.5
2020_56027,2020,WY,NIOBRARA,-72.8,96.3,-11.8,3.3,11.8,3.3,-64.4,-76.2,-72.8,1322,17.2,0,19.1,2.7,20.7
2020_56039,2020,WY,TETON,37.2,96,15.1,10.4,15.1,10.4,11.8,26.9,37.2,14787,55.1,11.4,51.9,1.4,34.6
